user_id,gender,age
150,1,38
281,1,39
1250,1,60
1851,1,36
2080,1,40
2590,2,36
2661,2,49
3370,2,37
3421,2,36
3490,2,31
4241,2,34
5140,2,38
5620,1,42
5910,1,10
6050,2,36
6220,2,46
6531,2,32
6910,1,39
6990,1,37
7031,2,40
7111,2,46
7561,2,36
7781,1,41
7850,2,37
8101,2,39
8391,2,38
8651,2,38
8790,2,32
9081,1,49
9530,2,36
9670,2,43
9850,1,40
9890,1,38
10291,2,38
10331,2,35
10750,2,55
10801,2,35
13350,2,36
13680,2,35
13810,2,31
14411,2,41
14681,2,35
14950,1,36
14971,1,39
14990,2,34
15100,2,35
15350,1,46
15651,2,36
15710,2,42
15760,2,42
15910,2,44
16021,1,12
16510,1,36
16711,2,35
16751,2,37
17100,2,44
17131,2,46
17140,2,56
17440,2,35
17450,1,41
17531,2,33
17770,2,34
17861,2,34
17890,2,34
18110,2,35
18131,2,36
19060,2,42
19930,2,35
20080,2,34
20711,2,39
21511,2,36
21671,2,40
21731,2,53
21800,2,61
21921,2,41
22870,2,36
22971,2,37
23970,2,37
24231,2,44
25020,2,32
25171,2,9
25190,2,44
25290,1,9
25570,2,39
26291,1,45
26301,2,33
26670,2,41
26851,2,36
26871,2,37
27120,2,32
27130,2,38
27181,2,38
27991,1,34
28231,2,33
28270,2,53
28800,1,35
28951,2,7
29361,1,34
29410,2,9
29700,2,37
30031,1,33
30160,2,36
30510,2,31
30631,2,33
31131,2,36
31280,2,41
32451,2,5
32750,1,42
33181,2,30
33340,2,48
33650,2,35
33770,2,32
33830,2,36
33850,1,36
34041,2,38
34081,2,34
34291,2,40
34390,2,37
34531,2,41
34670,2,45
34740,2,36
35550,2,38
35620,1,13
35641,2,36
36270,2,46
37081,2,46
37350,2,35
37640,2,36
37691,1,29
37850,2,30
37951,2,34
38351,2,34
38450,2,39
38661,2,37
38901,2,38
38940,2,34
39411,2,30
39541,2,34
39881,2,34
40330,2,40
40520,2,32
40691,2,31
41040,2,37
41090,2,13
41150,2,38
41350,2,42
41770,2,42
41990,2,33
42150,2,42
42360,2,33
42410,2,32
42511,2,31
42691,2,32
43071,2,41
43991,2,57
44500,2,9
44861,2,33
44970,2,38
45050,2,34
45220,2,34
46090,1,38
46481,2,29
46650,2,40
46831,2,40
46970,2,40
47371,2,8
47410,2,35
47940,2,40
48221,1,42
48831,1,8
48890,1,33
49261,2,31
49291,1,35
49380,2,37
49411,2,7
49501,2,13
49950,2,36
50120,2,33
50200,2,31
50691,1,38
51041,2,35
51320,2,33
51360,1,35
51630,2,41
52660,2,34
52680,2,37
52741,2,30
52770,2,40
52780,2,36
53250,2,37
53320,2,32
53460,2,32
53640,2,33
53811,1,56
54570,2,31
54711,1,36
54890,1,39
54911,2,34
54971,2,29
55000,2,30
55071,2,36
55161,2,28
55171,1,32
55251,2,47
55470,2,39
55750,2,31
55861,2,31
56011,2,9
56130,2,3
56360,2,36
56410,2,38
56560,2,35
56641,2,31
56871,2,33
57591,2,35
57711,1,37
57730,2,37
58331,2,46
58401,2,29
59011,2,35
59100,2,32
59130,2,41
59211,2,50
59260,1,31
59371,1,37
59601,2,31
59661,1,43
59720,2,31
59831,2,35
60020,2,32
60110,2,34
60221,2,30
60390,1,35
60400,2,34
60490,2,13
60520,2,34
60521,2,38
60730,2,9
61020,1,34
61200,2,30
61560,1,34
61600,2,32
61680,2,26
61691,2,37
61981,2,33
62001,2,33
62090,2,33
62260,2,35
62421,2,48
62451,1,32
62701,2,34
62750,2,36
63830,2,29
64000,2,44
64080,2,33
64171,2,11
64280,2,35
64400,1,33
64530,2,24
65461,2,36
65740,2,33
65841,2,30
65871,1,34
65881,2,33
66320,2,41
66561,2,33
66860,2,46
66861,2,35
67000,2,31
67301,2,40
67350,2,36
67351,1,34
68131,2,44
68600,2,32
68660,2,32
68790,2,36
68910,1,31
69020,1,34
69311,1,52
69420,2,32
69521,2,34
69580,2,35
69711,2,31
70090,2,42
70300,2,31
71051,2,41
71161,1,37
71240,2,43
71310,2,31
71751,2,33
71971,2,37
72241,2,30
72750,2,27
73050,2,32
73081,2,33
73181,2,30
73300,2,42
73301,2,38
73951,1,5
74030,2,35
74200,2,35
74370,2,37
74571,2,36
74790,2,33
75380,2,33
76211,2,32
76220,1,29
76281,1,31
76811,2,29
76921,2,29
76971,2,32
77631,2,33
77700,2,43
78310,1,34
78491,1,44
78640,2,46
78851,2,36
78871,2,35
79031,2,42
79070,2,33
79100,2,33
79360,1,33
79380,1,34
79720,2,37
79851,2,32
80320,2,36
80530,2,95
80861,1,34
81100,2,25
81311,1,33
81450,2,30
81691,2,37
81801,2,35
82010,2,39
82160,2,34
82300,2,33
82490,2,31
82761,2,9
83350,2,42
83960,2,32
83961,2,30
84311,2,33
84360,2,37
84471,2,41
84540,2,37
84591,2,40
84741,1,33
84790,2,31
84801,2,30
84910,2,7
85001,2,39
85231,2,35
85321,2,30
85371,2,46
85430,1,34
85580,2,33
85661,1,33
85791,2,39
85891,2,33
86020,2,35
86070,2,44
86100,2,32
86261,1,37
86470,1,37
86891,2,37
87071,2,35
87531,2,32
87850,2,40
87860,2,42
87891,1,35
88111,1,32
88170,2,37
88171,2,5
88271,2,29
88321,1,35
88511,2,35
88630,2,34
88751,2,34
89011,2,37
89561,2,33
89581,2,32
90001,2,31
90121,2,32
90150,2,35
90700,2,35
91222,2,35
91231,2,45
91310,2,34
91421,2,36
91441,1,9
91690,2,31
91840,2,37
92030,2,36
92040,2,36
92050,2,34
92110,2,34
92141,2,38
93041,1,30
93440,1,38
93670,2,32
94430,2,39
94460,1,42
94901,2,31
95111,2,30
95430,2,40
95471,2,42
95610,2,35
95691,2,32
96061,1,34
96241,2,31
96361,2,35
96470,1,58
96480,1,38
97300,2,35
97400,2,49
97600,2,36
97921,1,33
98060,2,32
98071,1,34
98250,2,33
98401,2,32
98411,2,31
98510,2,34
98821,1,43
98911,1,36
99071,2,33
99140,1,39
99511,2,30
99760,2,33
99940,1,30
100090,1,35
100420,2,31
100441,2,30
100580,1,33
100770,1,33
101060,2,27
101421,1,38
101500,2,34
101981,1,34
102360,2,49
102401,2,36
102421,2,26
102610,2,33
102621,2,36
102640,2,36
102701,2,33
102770,2,43
102840,2,30
103041,2,33
103451,2,30
103490,2,46
103581,2,34
103850,2,32
103860,2,29
104000,2,33
104041,2,32
104111,2,27
104141,2,33
104180,2,40
104240,2,34
104461,2,34
105060,2,35
105081,1,31
105480,2,31
105930,2,37
106010,2,35
106071,2,36
106150,2,33
106291,2,39
106331,1,55
106660,1,32
106910,2,36
107141,2,36
107391,2,12
107441,2,29
107450,2,33
107481,2,30
107840,2,37
108010,2,32
108021,1,34
108160,2,34
108520,2,7
108580,2,37
108590,2,31
108941,2,30
108961,1,46
109040,2,43
109061,2,27
109111,2,34
109121,1,12
109281,2,34
109290,2,28
109350,2,30
109600,1,35
109651,2,35
109690,2,36
109740,2,31
109771,2,43
109810,2,37
110121,2,47
110240,2,29
110400,2,29
110580,2,31
110601,2,36
110610,1,34
110631,2,38
110640,2,33
110730,2,27
110871,2,29
110881,2,42
110900,2,33
111271,2,32
111610,1,31
111890,2,6
112101,2,29
112241,2,28
112350,2,31
112351,2,32
112420,1,32
112441,2,41
112630,2,32
112731,2,40
112801,2,42
112821,2,37
112831,2,32
113081,2,37
113140,2,56
113930,2,39
114030,2,30
114080,2,32
114131,2,33
114190,2,35
114230,2,28
114260,1,35
114300,2,25
114350,2,38
114391,2,31
114591,2,31
114620,2,48
114681,2,36
114711,2,29
114741,2,35
114920,1,29
114981,2,27
115210,2,32
115931,2,29
116110,2,27
116120,2,30
116311,2,30
116431,2,38
116540,1,29
116851,2,37
117050,1,41
117130,2,31
117211,1,31
117251,2,36
117301,2,32
117330,2,35
117361,2,35
117431,2,29
117491,2,32
117621,2,30
117811,2,13
118191,2,37
118421,2,27
118561,2,32
118611,2,33
118861,2,33
118961,1,34
119001,2,29
119301,2,35
119310,2,31
119391,2,32
119431,2,29
119901,2,37
119981,1,33
120251,2,30
120571,1,35
120620,1,34
120750,2,31
120751,2,34
120761,2,35
121100,2,35
121130,2,29
121160,2,30
121171,2,35
121271,2,46
121570,1,31
121640,2,31
121850,1,47
121860,2,33
121930,2,30
121980,2,33
122031,2,42
122210,2,43
122220,2,36
122321,2,34
122441,2,31
122491,2,32
122600,1,42
122641,2,33
122851,2,44
122981,1,36
123210,2,30
123531,2,33
123670,1,44
123840,2,28
123861,2,28
123930,1,36
124351,2,32
124361,2,36
124830,1,37
125081,2,38
125130,1,35
125180,2,35
125220,2,31
125330,2,35
125400,2,37
125440,2,35
125511,2,31
125611,1,41
125620,2,28
125870,2,53
126001,2,33
126261,1,40
126551,1,35
126670,2,35
126691,2,33
126700,2,32
126711,2,39
126731,2,32
126780,2,30
126781,2,38
126801,2,45
126920,2,29
126931,1,43
127440,2,28
127550,2,3
127590,2,34
127841,2,36
127961,2,36
128281,2,31
128330,2,30
128390,2,46
128420,2,30
128461,1,30
128511,1,37
128750,2,33
129181,1,36
129260,1,40
129590,2,29
129711,1,6
129760,2,29
129970,2,35
129981,1,33
130031,2,27
130450,2,30
130651,1,31
130661,2,37
130710,2,34
131100,2,34
131280,2,22
131380,2,35
131580,2,34
131621,2,27
131690,2,9
131711,1,36
131750,2,34
131761,2,34
131920,2,34
132270,2,35
132431,2,33
132541,2,37
132570,2,32
132680,2,39
132711,2,37
132771,2,30
132950,2,33
132951,2,43
133210,2,33
133351,2,45
133471,2,31
133780,2,35
133790,2,30
133791,2,36
134030,1,35
134151,1,28
134180,2,35
134311,2,34
134451,2,31
134671,1,32
134961,1,8
135041,2,25
135190,2,35
135290,2,38
135331,2,30
135400,2,32
135580,2,33
135590,2,28
135620,1,32
135691,2,38
135811,2,32
135980,2,28
136081,2,36
136230,1,34
136331,2,35
136421,2,37
136480,2,38
136641,1,31
136810,2,30
136911,2,32
137150,2,32
137231,2,29
137381,2,36
137390,2,36
137500,2,27
137550,2,35
137601,2,39
137821,1,33
138240,2,52
138270,2,6
138281,2,34
138350,2,32
138380,1,30
138400,2,28
138401,2,28
138480,2,39
138620,2,31
138630,2,34
138900,1,38
138961,2,32
139371,2,34
139500,1,42
139680,2,35
140231,2,29
140451,1,21
140460,1,13
140691,2,32
140910,2,30
141090,2,28
141141,2,38
141180,2,28
141230,2,35
141270,1,36
141280,1,33
141320,2,41
141431,2,31
141441,2,35
141550,1,34
141580,1,55
141890,1,44
142100,2,41
142150,1,33
142220,2,33
142221,2,36
142250,2,29
142351,2,35
142371,2,32
142410,2,34
142470,1,38
142591,1,49
142630,2,30
142670,2,38
142780,2,28
142921,2,39
142931,2,31
142941,2,9
143051,1,40
143110,2,33
143190,2,32
143241,2,26
143471,2,30
143711,2,37
143840,1,46
143881,2,29
143910,1,34
144590,2,30
144600,2,35
144650,2,33
145061,1,52
145101,2,33
145190,2,27
145321,2,29
145961,2,30
146100,2,28
146300,2,31
146370,2,34
146431,2,32
146841,2,26
146860,1,34
147060,1,35
147420,2,30
147450,2,33
147560,1,33
147750,2,28
147891,2,27
147930,2,31
148191,2,37
148571,2,34
148760,2,33
148840,1,2
148890,2,39
149450,2,33
149471,2,37
149491,2,32
149560,2,39
149670,2,42
149950,1,38
150000,2,33
150300,2,30
150390,2,30
150400,2,35
150571,2,35
150680,2,29
150890,2,34
150971,2,32
151030,2,29
151111,2,33
151121,1,37
151140,2,13
151190,2,28
151561,2,36
151690,2,32
151761,2,36
151820,2,34
151990,2,32
152031,1,8
152101,2,43
152170,2,33
152221,2,28
152590,2,38
152611,2,31
152661,2,34
152800,2,32
152871,2,31
153030,1,38
153051,2,28
153081,1,32
153141,2,33
154040,2,29
154070,2,30
154291,2,31
154851,2,33
155121,2,36
155271,2,33
155281,2,39
155340,2,38
155601,2,28
155951,2,36
156241,2,30
156371,2,41
156390,2,29
156670,2,30
156881,2,29
156980,2,33
157221,2,32
157341,2,33
157440,2,30
157551,2,34
157800,1,29
157861,2,29
157971,2,35
158201,2,32
158430,2,32
158830,2,29
159091,2,32
159450,1,32
160011,2,37
160131,2,36
160170,2,35
160311,2,26
160360,2,28
160371,2,26
160510,1,30
160611,1,33
160650,2,39
160741,2,30
160880,1,35
160930,2,32
161391,2,35
161641,1,52
162131,2,30
162290,2,29
162330,2,11
162340,2,9
162361,2,32
162501,2,30
162610,2,36
162951,2,31
162991,2,38
163091,2,13
163161,2,33
163340,2,32
163351,2,31
163400,2,29
163631,2,8
163660,2,45
163711,2,36
163911,2,36
164031,2,9
164170,2,28
164431,2,34
164581,2,28
164960,2,32
165461,2,53
165530,2,30
165550,1,8
166000,2,31
166010,2,31
166191,1,55
166551,2,31
166561,1,21
166591,2,30
166921,2,35
166941,2,32
166960,1,30
167021,1,35
167200,2,29
167271,2,31
167450,2,30
167581,2,9
167591,2,11
167600,2,35
167610,1,50
167770,2,29
168060,1,39
168131,2,28
168160,2,29
168501,2,32
168520,2,34
168551,1,38
168850,2,34
168981,2,28
169071,2,32
169200,2,40
169240,2,38
169481,2,33
169750,2,33
169801,1,57
170290,2,32
170800,2,37
171071,1,52
171081,2,38
171410,1,2
171571,2,11
171711,1,33
171740,2,36
172001,2,31
172571,1,32
172800,2,31
172821,2,30
172890,2,34
172951,2,42
172990,2,29
173070,1,28
173121,2,3
173501,2,34
173511,2,35
173920,2,38
174010,2,31
174120,2,35
174190,2,29
174330,2,38
174380,2,32
174401,2,25
174461,2,41
174611,2,31
174700,2,33
174750,2,31
174760,2,31
174800,2,39
174940,2,35
175101,2,30
175420,2,29
175500,2,27
175690,1,55
175950,2,27
175960,2,29
176151,2,36
176541,2,8
176620,2,40
176630,1,37
176640,2,27
176700,1,33
176741,2,34
176750,2,31
176930,2,33
177040,2,37
177211,1,41
177380,1,33
177511,2,38
177681,2,31
178001,2,45
178040,2,41
178050,2,36
178071,2,39
178091,2,30
178110,2,33
178351,2,30
178390,2,49
178490,2,27
178540,2,31
178781,1,33
178861,2,31
178891,2,54
178901,2,41
178931,2,28
178951,2,42
179080,2,33
179110,2,35
179111,2,33
179321,1,32
179720,2,28
179821,2,30
179830,1,41
179930,2,29
179940,2,30
180080,2,33
180350,2,32
180430,2,37
180750,2,29
181001,2,32
181480,1,43
181510,2,35
181740,2,33
181811,2,30
182431,2,48
182500,2,43
182561,2,37
182891,2,37
183081,2,39
183171,2,36
183210,2,31
183231,1,72
183311,1,32
183330,1,34
183361,2,31
183471,2,33
183591,1,56
183671,2,32
183730,1,41
183860,2,38
184060,2,28
184140,2,44
184511,1,38
184741,2,34
184810,2,12
184930,2,31
184941,1,35
185000,2,33
185011,1,33
185151,2,61
185320,2,32
185791,2,30
185950,2,29
186021,2,33
186431,1,34
186450,2,44
186650,2,29
186701,2,36
186820,1,34
187301,1,30
187331,2,29
187550,2,32
187570,2,34
187650,1,53
187711,2,34
187971,1,35
188461,2,40
188641,2,31
188650,2,33
188700,2,8
188730,1,28
188850,2,33
188891,2,30
188900,1,30
188991,2,12
189191,2,27
189261,2,32
189440,1,35
189571,2,34
189851,1,38
189931,2,33
189981,1,27
190151,1,31
190181,1,39
190650,2,39
190681,2,37
190751,1,32
190761,2,28
190821,1,32
190900,1,29
191200,2,30
191240,1,34
191450,2,32
191590,2,36
191660,2,34
191700,2,36
191711,2,47
191771,2,12
191810,2,30
191811,2,32
191921,2,37
192001,2,36
192061,2,37
192120,2,29
192300,2,36
192390,2,34
192440,1,51
192551,2,29
192641,2,35
192701,1,46
193021,1,41
193061,2,26
193741,1,34
193780,2,32
193890,2,27
194301,1,35
194480,2,26
194531,2,32
194540,2,38
194640,2,34
195341,1,55
195380,2,54
195771,2,32
195910,2,42
195961,2,37
196010,2,42
196210,2,45
196480,2,29
196581,2,37
196801,2,28
196901,1,33
196911,2,39
197030,2,49
197050,1,32
197080,2,33
197110,1,36
197430,1,56
197441,2,32
197461,2,33
197491,1,32
197611,2,43
197791,2,12
197891,1,29
197980,2,54
198011,2,37
198480,2,33
198621,2,34
198671,2,34
198871,2,34
199020,2,40
199261,2,32
199950,1,38
200170,2,30
200420,2,32
200460,2,33
200500,2,27
200750,2,2
200791,2,31
200830,1,47
200841,2,39
200971,2,32
200980,2,31
201031,2,48
201100,2,35
201121,1,40
201130,2,32
201190,2,8
201601,1,37
201620,2,34
201660,2,28
201711,2,35
201790,1,32
202000,2,36
202071,1,36
202151,2,34
202411,2,27
202420,2,12
202481,1,36
202630,2,32
202770,2,34
202771,2,11
202830,2,30
203030,2,28
203160,2,31
203361,2,30
203551,1,34
203561,2,39
203730,2,29
204210,2,39
204411,2,32
204451,2,36
204470,2,30
204480,2,32
204561,1,36
204651,2,34
204820,1,33
205040,2,33
205201,2,31
205240,2,38
205361,2,42
205431,2,31
205440,1,38
205461,2,29
205490,2,37
205580,2,30
205951,1,30
206130,2,31
206241,2,28
206271,2,28
206340,2,50
206420,2,28
206471,2,11
206570,1,35
206860,2,30
206931,1,35
207111,2,29
207150,2,29
207540,2,39
207550,2,36
207710,2,39
207731,2,36
207751,2,31
207790,2,30
207891,2,32
208030,2,40
208120,2,33
208230,2,37
208231,1,36
208260,2,32
208410,2,36
208471,2,37
208650,2,27
208661,2,28
208760,2,43
208950,2,25
209370,2,34
209711,1,34
209920,2,31
209930,2,6
209971,2,29
210121,2,30
210191,2,32
210320,2,35
210401,2,43
210471,2,24
210541,2,33
210561,2,30
210640,2,29
210700,1,31
210710,1,34
210750,2,32
210771,2,33
210941,2,33
211021,2,36
211131,2,31
211180,2,5
211220,2,37
211420,2,29
211451,2,38
211521,1,50
212091,2,35
212161,2,32
212211,2,34
212221,1,35
212341,2,35
212350,2,46
212610,2,32
212651,2,42
212691,2,29
213001,2,34
213081,2,32
213090,2,34
213171,2,33
213261,2,38
213410,2,31
213550,2,31
213611,2,30
213950,2,29
214041,2,32
214050,2,30
214221,2,36
214290,2,31
214300,2,32
214360,1,52
214401,2,32
214580,2,37
214600,1,51
214941,2,50
215051,2,36
215130,2,29
215210,2,31
215301,2,44
215510,2,36
215640,2,30
215660,2,28
215680,1,34
215681,2,37
215701,2,30
215850,2,30
215960,2,44
216060,2,30
216081,2,32
216311,1,38
216530,1,31
216691,2,32
216720,2,36
217081,2,34
217221,2,38
217291,2,39
217380,2,34
217411,2,40
217600,2,30
217611,2,37
217770,2,32
217860,1,26
217901,1,29
218000,2,33
218140,2,11
218210,2,32
218220,2,33
218611,1,34
218830,2,11
218971,2,47
219291,2,27
219401,2,29
219500,2,51
219570,2,26
219711,2,26
219851,2,31
219980,2,42
220010,1,8
220200,2,38
220230,2,25
220320,2,30
220730,2,37
220881,2,39
220891,2,31
220931,2,45
220941,2,33
220970,2,28
221390,2,30
221411,1,39
221551,2,27
221580,2,34
221950,1,34
222180,2,29
222570,1,34
222591,2,34
223160,2,28
223240,2,9
223241,2,35
223250,2,30
223320,1,33
223341,2,34
223481,2,9
223611,2,42
223760,1,32
223790,2,30
223920,2,27
224140,2,33
224191,2,36
224211,2,40
224341,2,28
224400,2,26
224421,2,35
224491,2,42
224550,2,35
224681,1,33
224890,2,25
225340,2,30
225350,2,28
225600,2,4
225791,2,30
225891,1,23
226141,2,25
226161,2,35
226240,2,32
226271,2,36
226411,2,45
226491,2,32
226571,2,50
226711,2,33
227021,1,40
227091,2,32
227150,2,5
227161,2,5
227351,2,31
227371,2,30
227400,2,31
227440,2,40
227521,2,37
227530,2,31
227590,2,32
227641,1,46
227910,2,34
227921,2,26
228040,1,31
228441,2,30
228580,2,47
228910,2,34
228950,2,36
229150,2,32
229260,1,34
229271,2,22
229360,2,35
229451,2,28
229460,2,40
229470,2,37
229620,2,41
229621,1,35
229721,2,44
229970,2,27
230251,2,28
230260,2,34
230450,2,32
230660,1,31
230720,2,32
230770,2,34
230851,2,45
231080,2,26
231210,2,27
231240,2,30
231280,2,32
231310,2,30
231341,2,35
231510,2,32
231551,2,34
231650,2,32
231690,2,26
231801,2,34
231881,2,35
232041,2,33
232220,2,27
232310,1,29
232361,1,35
232370,2,35
232540,2,34
232580,2,30
232611,2,42
232821,2,27
232911,2,31
232920,2,11
232940,1,39
232961,1,36
232980,2,34
233181,2,30
233250,2,33
233251,2,44
233430,1,30
233451,1,32
233511,1,38
233630,2,31
233700,1,44
233860,2,34
234101,2,35
234130,2,29
234391,2,27
234430,2,41
234470,1,44
234521,2,30
234550,2,31
234621,2,11
234730,1,34
234901,2,47
234930,2,34
235120,1,39
235121,2,33
235150,2,33
235171,2,31
235281,2,28
235321,2,26
235340,2,28
235591,2,27
235770,2,27
235891,2,25
235990,2,43
236180,2,29
236360,2,27
236361,2,29
236440,2,31
236441,2,30
236630,2,38
236931,2,40
236950,2,28
237021,2,28
237030,2,28
237191,2,27
237320,2,35
237351,2,27
237411,2,30
237430,2,30
237791,2,31
238160,1,29
238201,1,25
238351,1,29
238690,2,28
238780,2,35
238821,2,29
238951,1,38
239070,2,30
239110,1,29
239121,2,28
239421,1,40
239561,1,30
239591,2,33
239651,2,30
239660,2,36
239710,2,43
239930,2,30
240031,1,37
240231,2,29
240490,2,31
240660,2,32
241051,2,28
241120,2,26
241480,2,28
241601,2,32
241811,2,30
241900,2,31
241920,2,31
242200,2,35
242281,2,29
242290,2,34
242331,2,37
242461,2,28
242540,2,30
242550,2,29
242670,1,18
242770,2,34
242971,2,28
243121,2,26
243201,2,27
243221,2,26
243501,2,26
243541,2,29
243640,2,27
243641,2,30
243721,2,21
243751,2,42
243871,2,37
243881,2,44
244010,2,43
244060,2,35
244091,2,3
244131,2,29
244191,2,42
244320,2,27
244430,2,33
244671,2,34
244761,2,32
244770,2,28
244880,1,29
244951,2,35
244971,2,34
244990,1,50
245170,1,32
245200,2,27
245240,2,29
245441,2,29
245640,2,38
245701,2,39
245720,2,38
245770,2,35
245861,2,26
245881,2,27
246110,2,24
246120,2,42
246280,2,10
246570,2,33
246641,2,37
246690,2,30
246770,2,5
246880,2,30
247231,2,42
247251,2,28
247311,2,24
247350,1,40
247420,2,32
247450,1,30
247491,2,40
247711,2,36
247761,2,29
247770,2,36
247851,2,31
247860,1,42
248091,2,34
248441,1,35
248490,2,26
248500,2,28
248520,2,30
248540,2,28
248671,1,26
248830,2,25
249090,2,27
249421,1,32
249491,2,31
249570,2,30
249630,2,40
249720,2,37
249791,2,29
250151,2,26
250431,2,34
250681,2,24
250840,2,24
251040,2,30
251100,2,32
251211,2,11
251250,2,33
251351,2,27
251410,2,32
251600,2,40
251751,2,30
251771,2,38
251800,2,28
251951,1,40
251960,2,35
251990,2,32
252021,1,33
252040,2,26
252070,2,28
252241,2,33
252280,2,36
252320,2,10
252540,2,43
252550,2,31
252621,2,34
252650,2,27
253001,1,35
253191,1,29
253210,2,33
253420,2,35
253581,2,32
253740,2,29
253761,2,25
253781,2,11
254121,1,16
254130,1,31
254261,2,39
254280,2,30
254461,2,41
254500,2,28
254650,2,31
254681,1,27
254901,2,31
254990,2,36
255161,2,26
255381,1,45
255430,1,35
255500,2,35
255530,1,30
255600,2,31
255680,2,34
255700,2,31
255701,2,25
255711,2,32
255831,1,24
255890,2,43
255901,2,40
255920,2,32
255931,1,30
256130,2,26
256140,2,33
256200,2,32
256210,2,36
256290,2,38
256340,2,31
256470,2,30
256650,2,33
256651,2,36
256670,2,33
256781,2,28
256860,2,25
256891,1,37
256930,2,33
257011,2,32
257041,2,5
257130,1,46
257331,2,35
257440,1,33
257470,2,9
257551,1,29
257781,2,33
257861,2,28
257901,2,37
258021,1,36
258041,2,31
258310,2,32
258330,2,55
258471,2,30
258491,2,27
258631,2,25
258640,2,30
258820,2,27
258831,2,35
258880,1,32
259110,2,32
259320,2,47
259421,2,37
259450,2,30
259531,2,26
259541,2,26
259601,2,37
259820,2,30
260261,1,31
260430,1,38
260881,2,31
260940,2,33
260990,2,26
261100,2,45
261311,2,32
261321,2,26
261340,2,32
261421,2,34
261501,2,110
261551,2,26
261741,2,50
261761,2,40
261981,2,34
262121,1,32
262190,2,43
262220,2,33
262231,2,29
262250,2,36
262251,1,34
262291,2,36
262421,2,25
262620,2,29
262701,2,10
262720,2,45
262760,2,30
262970,2,34
263191,1,39
263391,2,36
263440,2,30
263620,2,44
263661,2,29
264171,2,40
264240,2,30
265120,2,28
265151,2,29
265191,2,37
265220,1,34
265481,2,27
265791,2,36
266021,2,33
266040,2,29
266130,1,31
266391,2,29
266451,1,31
266530,2,35
266661,2,46
266681,2,27
266700,2,29
266721,2,30
267401,2,29
267521,2,30
267680,2,36
268130,2,36
268191,2,28
268240,2,32
268271,2,27
268550,2,9
268651,2,30
268790,2,32
268841,2,34
268861,1,45
268991,2,25
269020,1,40
269061,2,32
269100,2,37
269361,2,27
269381,2,23
269420,2,36
269470,2,26
269481,1,47
269500,2,27
269540,2,32
269791,2,36
270311,2,41
270491,2,28
270691,2,36
270750,2,32
271000,2,30
271090,2,30
271401,2,28
271710,2,32
271800,2,37
271850,2,31
272100,2,32
272181,2,41
272201,1,32
272311,2,39
272380,2,30
272830,2,32
272870,2,28
273151,2,31
273230,2,26
273250,2,26
273271,1,35
273301,2,24
273321,2,29
273351,2,27
273590,2,34
273611,2,25
273811,1,38
273850,2,36
274151,2,32
274251,2,38
274500,2,34
274591,2,27
274771,2,32
275010,1,41
275331,2,33
277351,2,38
277991,2,38
278301,2,37
278420,2,23
278731,2,33
278861,2,39
279240,2,35
279251,2,33
279461,1,27
279580,1,39
279761,2,38
279940,1,33
280111,2,27
280270,2,32
280571,2,31
280601,2,41
280721,2,33
280941,2,32
281341,2,31
281380,1,36
281471,2,35
281521,2,32
281531,2,29
281650,2,47
281691,1,53
282160,2,29
282750,1,27
282941,1,34
283031,2,31
284151,2,30
284271,2,39
284340,2,29
285510,2,29
285831,2,35
286441,2,26
286600,1,34
286610,1,37
286700,1,32
287260,2,34
287781,2,29
287991,2,34
288431,2,30
289510,2,30
289611,2,3
290090,2,46
290920,1,33
291031,2,28
291061,2,31
291781,1,11
291861,2,25
292301,1,38
292810,2,42
293591,1,34
294311,2,32
294480,2,40
294641,1,53
294651,2,40
295150,2,31
295151,2,31
295291,2,34
295490,2,32
295581,1,8
296300,2,43
296611,2,42
296740,2,32
296741,2,25
296890,1,39
297051,2,30
297470,2,39
297770,1,30
297791,2,34
298691,2,24
299380,2,35
299441,2,36
299481,2,30
300190,2,34
300300,2,31
300530,2,43
300960,2,27
301380,2,32
301581,2,26
301621,1,28
301720,2,25
302160,2,34
302910,2,27
303020,2,56
303021,2,37
303321,2,30
303601,2,34
303690,2,29
303850,2,50
304091,1,46
304861,2,25
304941,2,32
305050,2,28
305341,2,57
306450,2,30
306561,1,36
306711,1,39
306721,2,35
306890,2,27
307021,2,10
307100,2,26
307111,2,75
307151,2,34
307361,2,25
307791,1,46
307800,2,45
308280,2,33
308750,2,26
308891,1,41
308960,2,28
308990,2,35
309080,1,34
309290,2,33
309371,2,25
309511,1,35
309521,2,9
309841,1,40
310530,1,36
310590,1,61
310930,2,28
311001,2,27
311111,2,28
311610,1,36
311970,1,27
311991,2,27
312091,1,39
312350,2,31
312721,2,25
312811,2,32
312880,2,29
313011,2,27
313181,2,27
313501,1,27
313870,2,31
313941,2,30
313960,2,24
314091,1,31
314621,2,29
314710,2,40
314790,2,25
314800,1,43
315091,2,27
315150,1,30
315391,2,26
315511,2,31
315580,2,29
315680,2,43
315951,1,39
316100,2,42
316250,2,51
316270,2,26
317140,2,29
317330,2,24
317370,2,36
317520,2,27
317631,2,34
317641,2,27
317680,2,26
317881,2,32
317981,1,27
318011,1,44
318161,2,25
318180,2,32
318290,2,25
318360,2,26
318491,2,32
320201,2,31
320341,1,28
321441,2,31
321850,1,107
321991,1,33
322881,2,34
323670,2,29
324900,2,27
325180,1,34
325351,2,24
325480,1,27
325610,2,41
325911,1,31
326430,2,37
326920,2,33
327180,1,42
327261,2,38
327950,2,25
328550,2,32
329040,2,34
329540,2,39
329941,2,26
330050,2,30
330071,2,51
330601,2,27
331120,2,51
331400,1,31
331500,2,29
331660,1,41
332071,1,36
333271,2,27
333361,2,31
333391,1,33
333550,2,26
333560,2,30
333891,2,35
335250,2,38
335410,2,40
335881,2,29
335891,2,33
336000,2,38
336130,2,29
336441,2,34
336450,2,26
336941,1,44
337241,2,27
337561,2,31
337600,2,32
337891,2,30
338411,2,31
338731,1,33
338901,1,34
339050,2,40
339191,2,31
339361,2,33
340061,2,35
340941,2,31
341211,2,4
341641,2,31
342291,2,31
342350,2,34
342351,2,38
342360,1,38
343081,1,33
343221,2,46
343431,2,29
343541,2,23
343591,2,34
343620,1,33
343630,2,30
343770,2,25
344110,2,38
344191,2,29
344430,2,36
344450,2,30
345340,2,45
345480,2,28
345901,2,32
346040,2,35
347090,2,30
347451,2,37
347611,2,33
347811,2,31
348161,2,36
348721,1,101
349241,2,36
349451,2,42
349481,1,35
349910,2,30
350500,2,24
350740,2,29
351291,2,34
351351,2,27
351441,1,27
351560,1,34
351800,2,29
351870,2,28
352350,2,31
352390,2,27
352430,1,38
352470,2,36
352700,1,31
353850,2,29
354170,2,26
354541,2,26
355680,2,41
355900,2,33
356230,2,23
357080,2,30
357260,2,45
357490,2,33
357580,2,36
357611,2,28
357691,2,23
357711,1,26
357761,2,23
358021,2,33
358271,2,34
358670,2,28
358861,1,30
358871,2,26
359121,2,32
359131,1,39
359420,2,32
359690,1,51
359761,2,46
360130,1,25
360221,2,35
360350,2,40
360751,2,32
360791,1,28
360800,2,32
361100,1,37
361950,1,30
363711,2,10
364420,2,34
365001,2,29
365141,2,48
365641,2,27
365671,1,33
365720,2,35
365951,2,33
365971,1,50
366020,2,26
366821,2,29
366901,1,31
367410,1,37
367850,2,36
369020,2,36
369321,2,34
369330,2,30
369501,2,30
369890,2,23
370491,2,44
370701,2,28
371011,2,28
371271,2,36
371730,2,26
372371,1,28
373230,2,26
373321,2,43
373620,2,30
374171,2,40
374181,2,26
374220,2,28
375110,2,42
376171,2,29
376771,1,34
376941,2,29
377000,1,31
377020,1,37
377031,1,29
377540,2,38
377631,2,32
377831,2,28
377860,2,33
378031,2,39
378180,2,38
379040,2,32
379080,2,1
379151,2,27
379480,2,25
379811,2,28
379880,1,33
380031,2,34
380151,2,36
380790,2,34
381051,2,36
381150,2,10
381371,1,42
381991,1,32
382380,1,39
382481,2,28
382541,1,32
382821,2,25
383760,2,31
383791,2,30
383940,2,31
384311,1,30
384550,2,33
384750,2,10
385211,2,27
385751,2,22
386940,2,31
387180,2,30
388170,2,30
388711,2,27
389101,2,44
389521,2,26
389831,2,37
391761,2,37
392490,2,25
393551,2,31
393891,2,34
394050,1,36
394230,2,36
394311,1,54
394370,2,24
395040,2,28
395450,2,24
395581,2,24
395960,2,32
396281,1,29
396681,2,28
396710,2,34
397441,2,30
397530,2,33
397881,2,49
398121,1,29
398311,2,31
398641,1,33
398701,1,32
399481,1,33
400830,2,29
403521,2,25
403551,2,26
403851,2,34
404610,2,30
405010,2,26
405681,1,32
405890,2,35
406191,2,30
407011,2,30
407031,2,31
407301,1,38
408351,2,37
409751,1,36
410740,2,27
410831,1,34
411091,1,30
411181,2,37
411321,2,30
411420,2,27
412401,2,24
413790,2,45
414151,2,36
415430,2,29
415581,1,28
415631,2,31
417891,2,38
418200,2,31
418560,2,28
418811,2,29
418851,1,49
419661,2,31
419820,2,36
419971,2,28
420040,2,27
420240,2,34
422670,2,36
422991,2,16
424430,2,34
425161,2,37
425210,2,28
426661,2,31
426681,1,36
427280,2,33
427590,2,26
427660,2,35
427951,2,28
428290,1,36
428671,2,33
428680,1,31
428690,2,38
429401,2,25
429820,2,36
430940,1,39
431100,2,31
431391,2,38
432980,2,32
433400,2,29
433450,2,50
434930,2,29
437220,2,38
437550,2,28
437711,2,38
437820,2,46
438080,2,26
438410,2,38
438800,2,43
439260,2,25
439461,2,10
439571,1,38
441981,2,28
442351,2,31
442391,2,29
442670,2,37
443520,1,48
443880,2,38
444290,2,38
444621,2,33
444900,2,28
446480,2,25
446870,2,42
448430,2,23
449601,1,36
450700,2,32
451441,1,28
451950,1,55
453320,2,33
453471,2,29
454630,2,41
454881,2,35
455041,2,29
455700,2,27
457040,2,25
457131,2,24
457640,2,27
458081,2,33
458101,2,25
459390,2,31
461031,2,27
461830,2,38
462501,1,31
463030,2,41
466351,2,38
467570,1,29
467860,2,29
467960,2,25
468060,1,30
468230,2,31
468800,2,29
468950,2,27
469810,2,11
470330,2,45
470410,2,26
471131,2,10
471740,2,29
472390,1,37
472410,2,31
473141,1,27
473470,2,38
474290,2,27
475141,2,31
476691,2,48
476970,2,31
477770,2,38
478071,2,29
479170,2,39
479291,1,29
480001,2,31
481270,2,30
481500,2,39
481741,2,28
481981,2,26
482311,1,35
483490,2,30
483861,2,37
484001,2,32
485041,2,27
485560,2,25
486190,2,35
486530,2,27
487110,2,38
488121,2,30
488380,1,33
489370,1,38
489651,1,34
493151,2,7
493531,2,31
493751,1,31
494140,2,34
494451,2,30
494470,2,26
494871,2,32
495461,2,34
496071,2,27
496120,2,35
496921,2,10
497070,2,66
497541,2,33
500550,1,26
500881,2,36
501321,2,38
501410,2,33
503101,2,35
503120,2,43
503531,2,31
503751,2,28
503810,2,37
504361,2,22
505131,2,31
505181,2,31
506251,1,34
506461,2,24
508310,1,51
508970,2,29
510570,2,25
511330,2,27
512570,2,35
512861,2,32
512991,2,28
515560,2,27
517211,2,34
517710,1,40
517991,1,36
518121,2,33
518150,2,35
519180,2,38
521881,2,36
522841,1,28
523101,2,27
523180,2,37
524160,2,26
524441,2,23
526681,2,26
528270,2,33
529320,2,55
529411,2,36
529850,2,58
530000,2,36
530871,2,31
531121,2,31
533320,1,30
533461,2,37
533860,2,25
535410,2,27
535530,2,26
535551,2,34
536591,2,46
537430,2,24
537710,2,33
537790,2,27
537990,2,33
539511,2,27
541181,2,26
541501,2,32
541700,2,30
543600,2,28
543901,2,44
544520,2,25
545040,2,29
545381,2,27
547461,2,26
547491,2,44
548631,2,32
549076,2,10
549610,2,2
550160,2,56
550471,2,29
550720,2,40
552170,1,42
552731,2,23
553061,2,28
553851,2,34
554641,2,31
556180,2,26
556230,1,35
556730,2,26
556891,2,28
557111,2,29
557121,2,27
557250,2,31
557470,2,32
557681,1,27
558041,2,35
558431,2,105
558640,2,30
559370,2,29
560191,2,35
560530,2,32
561171,2,28
561550,1,35
561651,2,38
561951,2,32
563741,2,32
564201,2,29
565000,2,31
565130,2,28
565490,2,32
565561,2,28
565900,2,43
565911,2,33
569450,1,41
569771,2,31
569860,1,28
570421,1,33
571400,2,30
574241,2,40
574360,2,42
574920,2,25
574960,2,30
575320,2,31
575610,1,37
576300,2,35
576320,2,26
576341,2,32
577291,1,26
578051,1,23
578170,1,30
578310,2,39
579211,2,24
580050,2,27
580521,2,24
580550,2,24
581711,2,21
581891,2,29
582421,2,30
582971,2,21
583121,1,25
586280,2,23
586951,2,29
587501,2,41
589080,2,34
590781,2,29
591531,1,44
592221,2,25
592411,2,31
592451,2,27
593940,2,35
594221,2,31
594490,2,27
595021,1,30
595521,2,9
595691,2,34
595790,2,35
595921,2,25
595980,2,33
596471,2,45
596770,1,31
596811,2,28
597641,2,26
598170,1,33
598570,2,26
598850,1,35
599170,2,34
599521,2,29
599670,2,26
600410,2,43
600780,2,42
601701,1,34
602600,2,24
603250,2,31
603551,1,39
604001,2,33
605940,2,33
606281,2,44
606371,2,30
606841,2,27
606891,1,38
607021,2,41
607500,2,29
607570,2,32
607681,2,30
607921,2,40
608230,2,26
608300,2,58
608610,2,33
609271,1,28
609660,2,38
609900,2,29
609920,2,41
610130,2,46
610141,2,30
610160,2,31
610391,2,30
610891,2,20
611110,2,28
611200,2,34
611710,2,31
611810,2,24
612831,2,35
613041,2,34
613151,2,31
613631,2,28
613651,2,32
613771,1,41
614030,2,28
614201,2,31
614250,2,35
614391,2,40
614401,2,25
614611,2,29
615410,2,38
615741,2,34
615920,2,26
616291,2,29
616451,2,30
616931,2,38
617200,2,34
617411,2,39
617691,2,28
617860,2,28
617900,2,27
618120,1,48
618201,2,27
618231,2,31
618820,1,41
619001,2,24
619491,2,34
620361,2,42
620391,2,32
621161,2,31
621251,2,28
621791,2,32
621910,2,30
622640,2,33
623060,1,31
623061,2,25
623560,1,34
623781,2,29
624090,2,27
624500,2,28
624700,2,23
625060,1,30
625441,2,29
626500,2,30
626571,1,32
626610,1,31
626620,1,31
626621,2,28
626901,2,27
627131,2,33
627320,2,23
627391,1,10
627600,1,38
628670,2,26
628681,2,38
629971,2,27
630410,1,49
631170,2,24
631271,2,29
632021,1,39
632150,2,38
632361,1,32
633150,2,41
633771,2,41
634101,2,24
634570,2,25
634691,2,48
635000,2,28
635240,2,30
635440,2,38
635551,2,31
635590,2,28
635811,1,30
636831,2,28
636980,1,30
637640,1,39
638051,2,33
638641,2,39
638710,2,40
639511,2,32
640181,2,9
640721,2,30
641461,2,110
642390,2,61
642511,1,34
642521,2,32
642760,2,30
643040,2,10
643080,2,35
643090,2,47
643751,2,25
643831,2,23
644240,1,33
644271,2,34
644761,2,23
644811,2,33
644831,1,37
647021,1,31
647520,2,34
648151,2,34
648431,2,29
649060,2,30
649391,2,29
649830,2,37
650320,2,23
650890,2,27
650940,2,39
651951,2,29
652321,2,43
652571,2,44
652821,1,37
653091,1,38
654111,2,30
655030,2,29
655701,2,38
655941,2,28
656560,2,33
657810,2,23
657861,2,50
658560,2,36
658821,2,33
658960,2,36
659070,2,31
659091,2,28
659270,2,31
661070,1,43
661501,1,36
661631,2,32
661640,2,48
661751,2,5
662250,2,26
662470,2,30
663191,2,35
663480,2,32
663611,2,27
663641,2,32
664191,2,33
666240,2,43
667690,1,23
668651,2,40
668821,2,32
668870,2,38
669080,2,35
669250,1,30
669301,2,35
669701,2,33
669830,1,38
670870,2,26
671051,2,38
671070,2,28
671380,2,30
671941,2,26
672540,2,32
672990,2,32
673580,2,31
673810,2,30
673911,1,36
674130,1,35
674560,1,38
675281,2,26
675840,2,24
675951,2,42
676050,2,33
676501,1,30
677341,2,39
677571,2,31
677680,1,32
677730,1,33
677811,1,31
677861,2,31
678231,2,30
678750,2,40
678811,1,32
678831,2,38
680201,2,32
680210,2,37
680750,2,26
680751,2,29
680791,1,34
682981,1,36
684470,2,29
684980,1,28
685660,2,57
686390,1,37
687361,1,29
688140,2,27
688281,2,29
688290,2,26
688671,1,31
688751,2,24
688841,1,30
689031,2,7
689201,1,27
689800,2,30
689920,1,41
690410,1,44
690791,1,30
691681,2,31
691860,2,31
692240,2,56
693320,2,28
693560,2,35
694001,2,37
694500,2,26
694631,2,30
694711,2,30
695880,2,36
697620,2,30
697730,2,32
697781,2,25
698620,1,32
698921,2,24
700080,1,39
700321,2,29
701440,2,42
701710,2,32
701741,2,27
701751,2,22
702890,1,34
703130,1,31
704380,2,29
704931,1,31
705010,1,30
705970,2,46
706770,2,35
707090,2,39
707710,2,34
707940,2,30
708460,2,27
709701,2,30
710310,2,38
710520,2,25
710920,1,32
711211,2,31
711221,2,29
711591,1,39
711760,2,33
711801,2,32
711890,2,35
712091,2,50
712201,2,28
712770,2,34
713390,1,33
713421,2,27
713561,2,28
715140,2,31
716591,2,22
716901,1,36
716920,2,28
718180,2,27
719301,2,30
719751,1,28
719870,2,42
720841,1,29
720990,2,28
721530,2,33
721721,1,34
722570,2,10
723150,2,27
724291,1,33
724511,2,31
724531,2,33
724551,2,35
725381,2,28
725710,2,39
725831,1,45
725921,2,73
725950,1,32
727130,2,39
727141,1,37
727380,2,27
727410,2,25
727431,2,34
727991,2,41
728171,2,28
728181,2,35
728410,2,26
729101,1,29
729381,1,16
729491,2,32
729670,1,32
730391,2,39
730411,2,33
730451,2,29
730921,2,33
731171,2,37
731770,2,32
731961,2,29
732080,1,34
732491,1,41
732501,1,42
732830,2,37
733501,2,34
734061,2,30
734701,2,25
734981,2,42
735140,2,27
735961,1,27
736540,2,28
737580,2,30
737591,2,26
738251,2,31
738521,2,23
739601,1,34
740250,2,32
740821,2,29
741351,2,34
741380,2,51
741400,2,32
742171,1,31
743321,2,27
743590,2,34
744050,2,27
744481,2,22
744580,2,24
744650,2,23
744870,2,25
745411,2,29
746141,2,27
746231,2,42
746400,2,10
746790,2,33
748290,2,50
749350,2,32
750520,1,41
750561,1,92
751111,1,35
752081,2,28
752661,2,19
752700,1,32
752741,2,26
753490,2,25
753661,2,60
753870,2,32
753960,2,34
754850,2,29
754930,2,36
755140,2,27
755391,2,32
755491,2,32
755981,2,44
756470,2,38
756500,2,25
756811,2,25
757051,2,33
757431,1,28
758760,1,38
758941,2,30
759140,2,29
759750,2,27
760271,1,27
760361,2,33
760501,2,30
760761,2,40
760920,2,29
761170,2,26
761300,2,30
762011,1,34
762301,2,32
763701,2,33
763740,2,31
765261,2,35
765360,2,28
765461,2,29
765560,2,28
766471,1,34
767061,2,28
767841,2,49
768160,2,36
768691,2,34
768970,2,25
769220,2,24
769600,2,39
769671,2,27
769921,1,29
770231,2,33
770661,2,40
771040,2,33
771381,2,30
771701,1,25
771710,2,28
772090,2,28
772100,1,34
772700,1,37
773891,2,31
774041,2,27
774241,2,28
774350,2,32
774471,2,28
774491,2,36
774510,2,26
774520,2,33
774540,1,30
774950,1,43
775160,2,38
775230,1,28
775521,1,36
775591,1,31
775611,2,33
775740,2,34
776040,2,27
776750,2,23
776801,2,25
777041,2,31
777331,2,34
777451,2,37
777771,2,8
777871,2,30
777891,2,36
777970,2,30
778061,1,30
778111,2,36
778141,2,30
778790,2,31
778890,2,31
778910,2,29
778960,2,33
779041,2,39
779190,2,30
779511,2,25
779520,2,30
779700,2,31
780210,2,28
780260,2,33
780290,2,9
780971,2,33
781271,2,34
781301,2,48
781480,2,26
781521,1,26
781570,2,58
781680,2,41
781810,2,26
781860,2,34
782291,2,29
782621,2,26
782921,2,25
783091,1,30
783170,1,29
783450,2,32
783741,2,38
783881,2,34
784011,2,31
784131,2,29
784401,2,37
784530,1,29
784561,2,41
784610,2,34
785510,2,32
785631,2,29
785721,2,31
785870,2,25
786140,2,32
786150,2,51
786680,2,45
786711,2,35
786960,2,28
787190,2,31
787361,1,37
787450,2,34
787620,2,22
787830,2,46
787870,2,27
788021,2,22
788300,1,30
788370,2,26
788380,2,34
788691,2,30
788761,1,37
788930,2,34
789131,2,34
789381,2,34
789460,2,30
789510,2,23
789831,2,33
789940,2,37
790170,2,26
790691,2,9
792681,2,38
792940,1,27
793261,2,29
793390,2,62
793580,2,24
793770,2,37
794031,2,29
795010,2,28
795071,2,32
795190,2,28
795450,1,109
795470,2,35
795480,2,33
795681,2,35
795710,2,29
795820,2,32
796061,1,44
796140,2,30
796541,1,48
796921,2,34
797031,2,37
797460,2,29
797580,2,39
797591,1,27
798271,2,32
798881,2,22
798940,2,33
799250,2,32
799670,1,36
799740,2,41
800011,1,34
800020,2,38
800180,2,24
800351,2,33
800410,1,23
800771,2,30
801081,2,34
801390,2,32
801471,2,29
801840,2,25
802310,2,33
802640,2,10
802721,2,25
802750,2,27
804130,2,33
804501,1,34
804760,2,40
804960,1,36
805021,2,29
805161,2,43
805180,2,32
805591,2,31
805711,1,32
806210,2,28
806261,2,33
807081,2,29
807121,2,29
807321,2,31
807350,2,38
807521,1,41
807920,2,25
808281,1,103
808340,1,37
808391,2,31
808810,1,29
809050,2,30
809260,2,30
809271,2,36
809880,2,24
809970,2,25
810131,1,42
810241,2,25
810251,2,35
810290,1,19
810291,2,38
810760,2,39
811041,2,24
811111,2,59
811230,2,45
811770,2,36
812090,2,40
812470,2,31
812620,2,31
812861,2,32
813450,2,37
813621,2,30
814010,1,34
814210,2,35
814435,2,29
815221,2,31
815280,2,39
815641,2,9
815880,1,30
815890,2,33
816281,2,39
816361,1,22
816370,2,29
817190,1,39
818141,2,44
818641,1,50
818941,2,45
819041,2,28
819531,2,25
820100,2,48
820221,2,45
820281,2,40
820320,2,28
820610,2,24
820731,2,29
821211,2,39
821411,2,26
821641,2,36
821720,2,44
821781,2,30
821921,2,32
822121,2,24
822310,2,36
823370,2,25
823431,2,39
823720,2,33
823801,2,29
823891,2,37
823991,1,31
824280,2,23
824281,2,36
824331,2,35
825111,2,28
825771,2,33
826241,2,30
827040,2,31
827150,2,34
827201,2,71
827630,1,44
829031,2,28
829590,2,43
829611,2,28
829970,2,34
830231,2,38
830610,2,31
830701,2,29
830841,2,25
830881,2,34
830940,1,44
831141,2,71
831321,1,31
831330,2,23
831920,2,26
832341,2,26
832590,2,31
832710,2,37
832851,1,31
833321,1,44
833670,2,37
833750,2,34
834010,1,31
834281,2,28
834611,2,31
834720,2,33
835241,2,27
835820,2,32
836030,2,35
836160,2,29
837040,2,30
838320,2,29
838631,1,47
839481,2,23
840511,2,40
841280,1,33
841531,2,37
841730,2,26
842071,2,36
842500,2,31
842811,1,25
842821,2,47
842870,2,33
843550,2,37
843591,2,35
843750,2,26
843871,2,38
844360,2,29
844361,2,23
845170,2,28
845661,1,22
845780,2,28
845790,2,28
845880,2,29
846180,2,44
846320,1,53
846600,2,34
846760,2,30
846810,2,37
847081,2,28
848161,2,26
848261,2,42
848471,2,26
849471,2,36
849880,2,42
850460,2,36
850540,2,35
851971,2,29
852091,2,7
852350,1,34
852430,2,24
852610,2,84
852761,2,35
852940,2,44
854741,2,27
855020,2,25
855441,2,28
855901,2,35
856190,2,24
856691,2,39
857010,2,28
857030,1,35
857311,2,32
857500,2,30
857501,2,29
857941,2,28
857961,2,38
858100,2,29
858731,2,34
859390,2,29
859540,2,32
860090,1,32
860281,2,35
860370,2,27
862191,2,29
862740,1,33
863141,2,25
863801,2,23
864390,2,25
865481,2,31
866081,2,25
866540,2,47
866680,2,37
867051,1,47
867151,1,34
867781,2,31
867791,2,23
867860,2,41
868061,2,25
868130,2,32
868231,2,30
868411,2,26
868590,2,48
868751,1,30
869400,2,24
869880,2,30
869941,2,27
870140,1,33
870440,1,5
870701,2,45
871370,2,41
872001,1,36
872031,1,27
872260,2,32
872411,2,29
872780,2,34
873750,2,38
873820,2,31
874471,2,40
874491,2,33
874990,2,29
875380,2,27
875401,2,43
875420,1,41
875621,1,38
875720,2,44
875730,2,24
875960,2,37
876390,2,25
876990,2,33
877690,2,36
877861,2,23
879540,1,28
880120,2,32
880251,2,32
881101,1,31
881120,2,28
881650,2,26
881730,2,30
881831,2,23
882111,2,28
883471,2,33
884971,2,40
885531,1,34
885551,2,41
886491,2,57
887281,1,38
887541,2,44
887831,1,31
889380,2,32
890440,2,38
891401,2,25
892141,2,32
892170,2,27
892310,2,32
892840,1,26
892841,2,26
892871,2,123
893191,1,24
893741,1,29
893761,2,30
894180,2,42
894241,2,29
894801,2,25
895380,1,25
895461,1,9
895630,2,37
895791,1,41
896000,2,46
896040,1,30
896601,2,25
896810,2,32
897080,2,40
897101,2,52
897381,2,36
897820,2,23
898121,1,39
898531,2,35
899770,1,33
900491,2,27
900751,2,41
900950,2,30
901340,2,30
901390,2,34
901430,2,34
901700,2,37
902131,2,40
902210,2,34
902291,2,33
902451,2,29
902461,2,26
903591,2,30
904190,2,25
904601,2,34
904680,1,33
904740,2,35
905360,2,50
905530,2,30
905601,2,22
905671,1,42
905741,2,35
905941,2,35
906170,2,27
907360,1,28
907460,2,53
907820,2,9
910811,2,31
911691,2,41
912871,2,45
913070,2,35
914150,2,31
914300,2,36
914740,2,28
914781,2,35
914941,2,1
914950,2,38
915050,2,26
915321,2,30
915351,2,87
916011,1,32
916900,2,33
917090,2,47
917581,1,29
918961,2,30
919510,2,37
919900,1,54
920510,2,24
920580,2,46
920631,2,30
922790,2,25
923740,2,30
923960,2,35
924041,2,30
924150,2,47
924361,2,29
924970,1,30
925151,2,25
925271,1,28
925470,2,37
925981,1,31
926381,2,24
927241,2,50
927610,2,41
928280,1,37
928371,1,33
928485,2,41
928511,2,24
928700,2,27
928970,2,28
930010,2,21
930030,2,30
930081,2,29
930101,2,32
930520,2,23
930711,2,25
931180,2,30
933211,1,28
933500,2,24
933791,1,49
933820,2,29
933841,2,32
933980,2,36
934820,2,29
935220,2,25
935880,1,29
936130,2,29
936901,1,28
937040,2,44
937450,2,33
937851,2,27
937971,1,26
938690,2,39
938920,2,24
939421,2,41
939701,2,26
939920,2,38
940040,2,61
940701,2,31
940830,2,109
940891,2,33
940941,2,27
942500,2,31
942660,2,24
942700,1,34
943180,2,44
943181,1,34
943660,2,24
943790,2,24
943860,2,39
944060,2,30
944130,1,35
944361,2,29
945450,2,25
945641,2,36
945650,2,33
945941,2,35
946170,2,45
946700,1,45
946771,2,44
947630,2,25
947861,2,34
948371,2,26
948430,2,32
948471,1,38
948600,2,24
949170,1,29
949461,1,28
949950,2,23
950380,2,31
950901,2,38
951400,2,25
951680,2,21
952691,1,30
952771,2,34
953460,2,47
954051,2,30
955720,2,35
957940,1,38
958060,2,31
958160,2,25
959100,2,57
961300,2,25
961451,1,40
961890,2,27
962020,1,31
962631,1,30
962940,1,31
963211,1,26
963341,2,30
963580,2,36
963770,1,29
963970,2,26
964111,2,26
965160,1,32
965600,2,32
967050,2,40
967381,2,26
967971,2,31
968211,2,30
968581,2,30
968730,2,35
968890,2,27
969261,2,37
970980,2,38
971561,1,37
972581,2,24
972600,2,33
972661,2,24
973221,2,34
973310,2,42
973721,2,27
974951,2,33
974990,2,36
975131,2,31
975311,2,28
975621,2,34
975720,1,33
975770,2,25
976140,2,35
976911,2,32
977400,1,33
977951,2,27
978070,2,27
979201,2,48
979461,1,38
979540,2,28
979670,2,35
979871,2,43
980441,2,27
981460,2,38
981651,2,26
981720,1,45
981750,2,26
982011,2,37
982100,2,42
982440,2,59
982450,2,43
982680,2,23
982860,2,26
982870,2,32
982981,2,36
983410,2,35
983530,2,33
984360,2,34
984381,2,43
985070,1,34
985170,2,28
985370,2,25
986460,2,22
986880,2,31
987321,2,28
987670,2,23
988370,2,37
988391,2,27
988511,2,37
988591,2,33
988621,1,38
988710,2,26
988901,2,24
988921,2,35
989920,2,25
989980,2,41
990170,2,28
990221,2,24
990751,2,26
990931,2,30
991040,2,46
991141,2,24
991710,2,23
992020,1,31
992030,1,29
992220,2,44
992240,2,34
992420,2,30
992910,2,29
993760,2,32
993880,2,38
993960,1,25
994150,2,24
994230,2,23
995000,2,28
995151,2,26
995161,1,34
995251,2,24
995361,1,37
995651,2,25
996391,2,31
997340,2,53
997370,2,43
997410,1,26
997670,1,27
998580,2,17
999011,2,40
999171,2,32
999360,1,33
999430,2,28
999701,2,23
999720,2,32
1000011,2,30
1000230,2,29
1000271,2,25
1000360,2,35
1000570,1,29
1000830,2,32
1001671,2,22
1002180,1,35
1002201,2,46
1002870,2,28
1003400,2,25
1003490,2,30
1003991,2,32
1005021,2,28
1005061,2,27
1005071,2,27
1005540,2,35
1005571,2,32
1005681,2,24
1005760,2,36
1005780,1,33
1006720,2,37
1006931,2,38
1007300,2,52
1007301,2,35
1008211,2,42
1008960,2,47
1009030,1,37
1009840,1,32
1010030,2,35
1011000,2,31
1011381,2,26
1011550,2,30
1011611,2,41
1011810,1,47
1012011,2,45
1012030,2,33
1012170,2,30
1012670,1,35
1012900,1,34
1013761,2,32
1014301,1,33
1014420,2,106
1014610,1,40
1015011,2,35
1015081,2,29
1015411,2,35
1015811,2,38
1016651,2,30
1016681,1,50
1016691,2,29
1017451,2,25
1017490,1,59
1017530,2,46
1017531,2,24
1018310,2,36
1018520,2,23
1018820,2,24
1018831,2,25
1019141,1,31
1019161,1,45
1020160,2,29
1021201,2,29
1021270,2,31
1021870,2,33
1021981,2,36
1022371,2,30
1022450,2,9
1022580,2,30
1023090,2,35
1023461,1,40
1024420,2,33
1024460,2,35
1024761,2,39
1024941,1,26
1025461,2,27
1025530,2,25
1025671,1,26
1026641,2,35
1026771,2,34
1027180,1,27
1027360,2,36
1027971,2,22
1028271,1,43
1028531,2,46
1028661,2,29
1028701,1,33
1028930,2,25
1029071,2,28
1030971,2,28
1031091,2,34
1031110,2,26
1031171,2,32
1031881,2,39
1032200,2,43
1032410,2,27
1032691,1,24
1032841,2,26
1032901,1,47
1033190,2,33
1033290,2,40
1033460,1,31
1033531,2,37
1033630,2,21
1033871,2,32
1034191,2,26
1034341,2,33
1035281,2,41
1035510,2,41
1035590,2,29
1036270,2,46
1036710,2,9
1037090,2,29
1037121,2,25
1038241,2,30
1039051,2,26
1039900,1,35
1040561,2,32
1040660,2,37
1040751,2,47
1041131,2,23
1042220,2,24
1042881,2,28
1043871,2,32
1043901,2,28
1044831,2,25
1044930,1,27
1045421,2,38
1045710,1,32
1046651,1,28
1050030,2,23
1050920,2,30
1051111,1,26
1052400,1,58
1052640,1,27
1052741,2,22
1054330,2,28
1054370,2,49
1054380,2,28
1054781,2,39
1055350,2,44
1056220,2,28
1057790,1,36
1057960,2,46
1058721,1,30
1058880,2,36
1060421,2,34
1060700,1,37
1061050,1,40
1061271,1,31
1061781,2,30
1063011,2,38
1063081,2,33
1063211,2,33
1063601,2,41
1063760,2,31
1064071,2,28
1065100,2,32
1065370,1,30
1067970,2,26
1068081,2,37
1068340,2,8
1070571,1,30
1071100,2,41
1073851,2,27
1074030,2,31
1074080,2,22
1074181,2,32
1074300,1,42
1075000,2,29
1075671,2,36
1076141,2,22
1076530,2,33
1076901,2,27
1079281,2,41
1079830,1,26
1080050,2,31
1080820,2,23
1080981,2,27
1081520,2,33
1081941,2,41
1083040,2,26
1083360,2,27
1083401,2,36
1083471,2,24
1084830,2,59
1085330,2,34
1086220,2,32
1086570,2,20
1086731,2,25
1087161,2,31
1087400,1,36
1088780,2,47
1089701,1,30
1090251,2,32
1090760,2,22
1091650,2,32
1092081,2,49
1093420,1,35
1093451,2,48
1093770,1,28
1094781,2,24
1094851,2,34
1095440,2,41
1095490,2,32
1096960,2,29
1097510,2,27
1097851,2,22
1098740,2,38
1098811,2,34
1099470,2,22
1099941,1,47
1100610,2,36
1101661,1,40
1104880,2,37
1104931,2,39
1104991,2,34
1105121,2,23
1105131,2,25
1107300,1,35
1108160,2,42
1108421,2,40
1109290,2,64
1109811,2,34
1110991,1,28
1112321,2,34
1113080,1,29
1113130,2,31
1113380,2,38
1113901,2,28
1115050,2,1
1116241,1,29
1116321,1,9
1117851,2,29
1118140,2,67
1118401,1,40
1118461,1,28
1118870,2,29
1119851,2,39
1120660,2,40
1121461,2,37
1122031,2,27
1123210,1,55
1124190,2,42
1124580,2,47
1124651,2,33
1124851,2,40
1124871,2,38
1125410,1,45
1125851,1,34
1125980,2,32
1126480,1,29
1126591,1,36
1126771,2,31
1127030,2,29
1127841,2,77
1128741,1,123
1128941,2,47
1128960,2,36
1129621,2,40
1129990,2,27
1131220,2,30
1131460,1,37
1131491,2,7
1131511,2,31
1132130,2,24
1132140,2,34
1133600,2,42
1134671,2,29
1135931,1,29
1137901,2,33
1138280,1,34
1138710,2,27
1139270,2,31
1139580,1,32
1140201,2,35
1140211,2,30
1140310,2,27
1140471,1,37
1140871,2,34
1141040,2,38
1141490,2,44
1142711,2,8
1144050,2,31
1144330,2,40
1144631,2,9
1145350,1,5
1146140,2,47
1146281,2,28
1146310,2,29
1146940,2,28
1146961,2,24
1147510,2,25
1148181,2,27
1148941,2,24
1149290,2,36
1149980,2,24
1150001,2,36
1150400,2,29
1151300,1,29
1151440,2,46
1151550,1,35
1151661,2,24
1151890,2,30
1152440,2,124
1152530,2,24
1152581,2,32
1153040,2,23
1153511,2,38
1153680,2,25
1153710,2,29
1153941,2,37
1154110,2,27
1154160,2,32
1154321,2,34
1154751,2,24
1155060,2,30
1155391,2,22
1155670,2,39
1155691,2,30
1155730,2,37
1155841,1,8
1155950,1,32
1156160,2,34
1156390,2,35
1156470,2,31
1156691,2,25
1156730,2,27
1156761,2,25
1156810,2,22
1157081,2,34
1157141,2,38
1157151,2,38
1157181,2,42
1157421,2,28
1157460,2,40
1157810,2,29
1157851,2,32
1158501,2,31
1158510,2,33
1159090,2,26
1159131,2,33
1159451,2,32
1159930,1,39
1160161,1,24
1160191,2,35
1160520,2,28
1160590,2,28
1160840,2,40
1160891,1,124
1161071,2,38
1161700,2,32
1161750,2,34
1161990,2,36
1162030,1,45
1162220,1,47
1162481,2,33
1162601,2,37
1162631,2,24
1162660,2,28
1162661,2,32
1162851,2,24
1163201,2,24
1163351,2,26
1163391,2,42
1163611,2,35
1163691,2,33
1163761,2,33
1164030,2,23
1164140,2,23
1164521,2,29
1165331,1,21
1165930,2,31
1166391,2,39
1166971,1,39
1167051,2,28
1167181,1,39
1167390,2,30
1167660,2,2
1167971,1,32
1168040,2,30
1168320,1,33
1168350,1,58
1168600,2,28
1168781,2,35
1169111,2,31
1169651,2,25
1170041,2,29
1170300,2,24
1170410,2,32
1170690,2,48
1170750,2,30
1171040,2,30
1172150,2,35
1173301,2,23
1173360,2,102
1173961,2,44
1174330,2,30
1176031,2,30
1176261,1,28
1176290,2,28
1176570,2,36
1177280,2,39
1177350,2,27
1178191,2,28
1178620,2,37
1178630,1,34
1178930,2,24
1179181,1,38
1179251,2,34
1179571,2,25
1179601,2,25
1180391,2,31
1180470,1,32
1180530,2,22
1181061,1,30
1181770,2,29
1182260,1,36
1182391,1,47
1182490,2,40
1182500,1,35
1182601,2,27
1182871,2,36
1183070,2,41
1184411,2,26
1185331,2,37
1185510,2,38
1185640,1,38
1185671,1,46
1185911,1,34
1186400,2,31
1186611,2,53
1186921,2,25
1187571,2,29
1187620,2,27
1187630,1,35
1188001,2,36
1188541,2,38
1190221,2,26
1190310,2,27
1190440,2,29
1190501,2,30
1190761,2,35
1190781,2,25
1190890,2,23
1191961,2,40
1192120,1,16
1192561,1,29
1193281,2,33
1194920,2,49
1195160,2,35
1195310,2,48
1195441,2,30
1195590,2,27
1195931,2,35
1196551,2,32
1196710,1,44
1196761,2,24
1196951,2,31
1197230,1,40
1197871,2,23
1198441,2,30
1199880,2,30
1200421,2,31
1200451,2,75
1200741,1,46
1201061,2,34
1201270,2,42
1201800,1,26
1202631,2,42
1202720,2,44
1204191,2,49
1204250,2,51
1204621,2,34
1205020,2,23
1206521,1,34
1207111,2,27
1207310,2,45
1207580,2,40
1207630,2,30
1208621,2,34
1209840,2,25
1210461,1,30
1210881,2,34
1211731,2,25
1212101,2,35
1212391,2,32
1212690,2,30
1212760,2,42
1213321,2,27
1213360,2,31
1213490,2,29
1213660,2,35
1213720,2,23
1214591,2,29
1214631,2,32
1214811,2,26
1215181,2,40
1216020,2,23
1216370,2,23
1217090,2,51
1217631,2,28
1218180,2,29
1218260,2,24
1218610,2,46
1218641,2,24
1221750,2,34
1222171,2,41
1222181,2,40
1222301,2,35
1223181,2,31
1223530,1,34
1223981,1,34
1224150,1,36
1224440,2,25
1225031,1,36
1225111,2,29
1225881,2,46
1225920,1,29
1227581,2,32
1229831,1,38
1229980,2,35
1230130,2,27
1230290,2,36
1230391,2,27
1230451,2,8
1230870,2,22
1231750,2,29
1231751,2,30
1232211,1,27
1233381,2,54
1233631,1,39
1234350,2,43
1235181,2,32
1235511,1,32
1235770,2,38
1236520,2,43
1237661,2,27
1238590,2,29
1238731,1,28
1238821,2,44
1239211,2,27
1239871,2,30
1240041,2,28
1240061,1,31
1240100,1,8
1241060,1,38
1241760,2,45
1242570,2,32
1242990,2,26
1243340,2,32
1244101,1,38
1244821,2,47
1245540,2,22
1245721,2,26
1245991,2,39
1246521,2,29
1247220,2,37
1248281,2,27
1248691,1,24
1248770,2,32
1250291,1,35
1250531,2,28
1251181,2,33
1251800,1,32
1252051,2,31
1252360,2,25
1252671,2,39
1252751,2,29
1253510,2,38
1253751,1,37
1253900,2,38
1254590,1,34
1254781,2,26
1254890,2,50
1255130,2,30
1255180,2,33
1255331,2,37
1255710,1,36
1257011,2,41
1257871,1,37
1258331,1,47
1259001,2,34
1259191,2,25
1259571,2,46
1260601,2,25
1260621,2,24
1260690,1,58
1261590,2,38
1262381,2,23
1263631,2,56
1264360,2,49
1264561,1,34
1264600,1,25
1264811,2,8
1264911,2,34
1265130,2,40
1265410,2,33
1265770,1,36
1266331,2,28
1266681,1,35
1268011,2,28
1268661,2,23
1268940,2,38
1269030,2,29
1269111,2,34
1269230,2,21
1270200,1,26
1271410,2,61
1271450,1,38
1272050,2,36
1273211,2,24
1273321,2,30
1273651,1,33
1273680,2,34
1273760,2,23
1274750,2,23
1274810,2,45
1274860,2,32
1275301,1,32
1275731,2,28
1275850,2,29
1275871,2,36
1276181,2,9
1276770,2,35
1277301,2,30
1278750,1,21
1278790,2,38
1278911,2,26
1280891,2,32
1282121,1,46
1282550,2,36
1282991,1,25
1283411,2,27
1283621,2,32
1283660,1,31
1283661,2,35
1285531,2,36
1286930,2,39
1287860,1,30
1287921,2,26
1288051,2,35
1288111,2,45
1289150,1,36
1289270,2,49
1289971,2,29
1290401,1,28
1291861,2,32
1291981,2,35
1292020,2,33
1292800,2,48
1292811,1,27
1293251,1,24
1294020,1,30
1294111,1,30
1294760,2,34
1295341,2,31
1295941,2,33
1295970,2,27
1297270,2,38
1297400,2,29
1297850,1,25
1298180,2,31
1299201,2,31
1299441,2,37
1299500,2,26
1299730,2,41
1300040,1,30
1300051,2,24
1300360,2,30
1301941,2,44
1302200,1,41
1302971,2,35
1303291,2,37
1304621,2,26
1305571,2,30
1305741,2,54
1306120,2,20
1307291,2,28
1307320,1,34
1307891,1,38
1309291,2,23
1309461,1,45
1309640,1,26
1309671,2,27
1309711,1,33
1309951,2,49
1310160,2,30
1310421,1,51
1310491,1,51
1310910,2,24
1310990,2,38
1312590,2,31
1312831,2,29
1313000,2,36
1313331,1,38
1313520,2,32
1313931,1,23
1314121,1,39
1315860,2,34
1316000,2,34
1317021,1,42
1317200,2,33
1317621,2,5
1318661,2,124
1318801,1,42
1320411,2,30
1321300,2,26
1322540,2,24
1323321,2,35
1323631,2,35
1324091,2,36
1325220,2,28
1325591,2,32
1325780,2,31
1326170,2,40
1326331,2,46
1326751,1,31
1328261,2,31
1328896,2,29
1330170,2,36
1330390,2,24
1331120,1,29
1331290,2,26
1331721,1,34
1331750,2,44
1332500,2,43
1332590,2,32
1332660,2,21
1332771,1,24
1332971,2,29
1333480,2,26
1333600,2,8
1333630,2,33
1334310,2,37
1336170,2,22
1336590,1,35
1336921,2,32
1337110,2,34
1337370,2,27
1337641,1,32
1337990,2,27
1338141,2,23
1339150,1,26
1339210,2,34
1339420,2,24
1339891,1,29
1340691,2,27
1341161,2,23
1341390,1,34
1343881,2,29
1344480,2,32
1344770,2,35
1344790,2,29
1346561,1,35
1346711,2,28
1347441,1,4
1347671,2,40
1348250,2,32
1348580,1,25
1348871,2,29
1349150,2,26
1349220,2,8
1349531,2,29
1349820,1,44
1349941,2,26
1352990,2,29
1353300,2,26
1353631,2,13
1353680,1,31
1353791,1,32
1353860,1,42
1353930,2,35
1354211,2,35
1354401,2,31
1354850,2,26
1357391,1,27
1357860,2,32
1358281,2,26
1358751,2,34
1359117,2,29
1359432,2,28
1359830,2,33
1360981,1,41
1361270,2,26
1362071,2,28
1362241,2,8
1362450,2,24
1362551,1,26
1362870,1,38
1363280,2,37
1363820,1,34
1363911,2,28
1364071,2,35
1364570,2,16
1364741,2,24
1365660,2,32
1366900,1,53
1367271,2,35
1367311,1,38
1367470,1,27
1367511,2,105
1367631,2,29
1368991,1,31
1369131,2,27
1369150,1,25
1369451,2,47
1369500,2,36
1369820,2,34
1370121,2,29
1370931,2,24
1371571,1,32
1372371,2,27
1373050,2,24
1373260,2,29
1373700,2,23
1374510,2,33
1375331,2,33
1375371,2,34
1375740,2,26
1375761,1,35
1376261,2,29
1376321,2,35
1376361,2,40
1376501,1,30
1376970,1,34
1377960,1,35
1378351,1,33
1378911,2,33
1379311,1,31
1379331,2,35
1379371,1,43
1379820,2,35
1381070,2,32
1381710,2,32
1382350,2,24
1382470,1,31
1382510,1,32
1382520,2,22
1382630,1,31
1382641,2,22
1383090,2,26
1383510,2,32
1383660,2,23
1383681,2,28
1383860,2,36
1384500,2,29
1384590,2,22
1384691,2,35
1384841,2,37
1385271,2,28
1385620,2,2
1385881,2,35
1385931,2,43
1386121,1,32
1386500,1,29
1386651,1,50
1387931,2,39
1388111,2,28
1388221,2,26
1388831,2,54
1388961,2,26
1389220,2,30
1389451,2,38
1390310,2,32
1390490,2,35
1390571,2,31
1390610,1,32
1390671,2,25
1390860,2,28
1391290,2,28
1391331,1,32
1392580,1,35
1392630,2,43
1392700,2,26
1392801,2,53
1393240,2,27
1393405,1,47
1393501,2,28
1394150,2,26
1394761,1,30
1394890,2,23
1395131,2,26
1395251,1,42
1395580,1,36
1395890,2,17
1396301,2,29
1396491,2,30
1396570,1,26
1397781,2,54
1398060,1,37
1398300,2,32
1399431,1,54
1400060,2,33
1400371,2,27
1400660,2,48
1400831,2,45
1401100,2,22
1401121,2,25
1401141,2,37
1401661,2,36
1401711,2,32
1402331,2,25
1403140,2,53
1403360,1,41
1403551,1,36
1403880,1,47
1404231,1,42
1404292,2,63
1404340,2,36
1404440,2,29
1404741,1,30
1404840,2,27
1405141,2,8
1405220,2,25
1405421,2,30
1405431,1,22
1405610,2,27
1405790,2,21
1406101,2,27
1407521,2,29
1407560,2,33
1408171,2,29
1408560,2,24
1409571,2,27
1409660,1,48
1409781,2,76
1409860,2,39
1409921,1,30
1410061,2,30
1410431,2,58
1410781,2,37
1410801,2,34
1410930,1,40
1411350,1,39
1411436,2,49
1411620,2,26
1412041,2,38
1413000,2,55
1413740,1,34
1414670,2,55
1414981,2,43
1415061,1,26
1415660,2,33
1415981,2,27
1416000,2,26
1416071,2,33
1416080,2,31
1416270,2,33
1416740,2,31
1416970,1,31
1416990,1,31
1417180,2,26
1417211,2,30
1417341,2,33
1417360,2,25
1417441,2,34
1417541,2,36
1417651,2,34
1417720,2,34
1417921,2,27
1418051,2,37
1418200,2,38
1418260,2,34
1418370,2,30
1418390,2,35
1418440,2,33
1418500,2,30
1418711,2,31
1418730,2,36
1419490,2,31
1420021,2,29
1420180,1,33
1420700,2,25
1421051,2,28
1421340,2,32
1422000,2,28
1423311,1,34
1424380,2,35
1424420,2,29
1424641,2,25
1424670,2,29
1424961,1,24
1425151,2,22
1426021,2,36
1426600,2,28
1426841,2,31
1427031,1,30
1427061,2,32
1427121,1,39
1428191,2,34
1428651,2,37
1428870,2,41
1428941,2,30
1429411,2,38
1429970,2,40
1430150,2,31
1430660,2,23
1431260,2,30
1431341,2,34
1431371,2,27
1431711,2,29
1432000,1,44
1432170,2,36
1433010,2,29
1433200,2,32
1433441,1,37
1433460,1,37
1433711,2,23
1433770,2,26
1433790,1,36
1434091,2,32
1435050,2,30
1436830,1,28
1437721,1,31
1437811,2,31
1437820,2,23
1437880,2,41
1438261,1,26
1438520,2,26
1439660,2,31
1439711,2,27
1440250,1,48
1440310,1,33
1441160,2,37
1441230,1,27
1441511,2,59
1441661,2,40
1441730,2,27
1442170,2,27
1442291,2,8
1442426,2,54
1442570,1,25
1443171,1,25
1443301,1,48
1443380,2,26
1445290,2,24
1445681,2,26
1446170,2,7
1446781,1,26
1447051,1,38
1447151,2,29
1447471,2,29
1448061,2,31
1448111,1,29
1448231,2,25
1448301,2,32
1448391,1,28
1448400,1,7
1448410,2,35
1448561,2,30
1448731,2,31
1449110,1,33
1449130,1,29
1449261,2,39
1450041,2,22
1450160,2,21
1450271,2,25
1451391,2,25
1452061,2,27
1452651,1,39
1452980,2,26
1453391,2,33
1453551,2,33
1454411,1,23
1454440,2,37
1455111,2,26
1455161,1,46
1455220,2,31
1455490,2,40
1456891,2,66
1457031,2,27
1457210,2,24
1457311,2,34
1457621,2,37
1457671,1,29
1457871,2,28
1458801,1,34
1458861,2,62
1460230,2,28
1460420,2,35
1460641,2,28
1460710,2,28
1461470,2,63
1461831,2,35
1462020,2,56
1462581,2,33
1462740,1,26
1463460,1,36
1464240,2,21
1464280,1,42
1464490,2,29
1464690,2,29
1464711,2,30
1465671,2,29
1466361,1,5
1466811,2,40
1467300,2,26
1467360,1,35
1468191,2,32
1468701,2,27
1468930,2,36
1469450,2,35
1469540,2,29
1470600,2,30
1470720,2,8
1470991,2,24
1471181,2,23
1471491,2,24
1471620,1,38
1471640,2,46
1471970,2,28
1471981,2,36
1472060,2,8
1472061,2,31
1472121,2,32
1472460,2,28
1472791,1,22
1473070,2,30
1474061,1,29
1474080,2,37
1474411,1,27
1474801,2,43
1474981,2,32
1475141,2,26
1475901,1,28
1476400,2,31
1476710,2,23
1476930,2,33
1477180,2,26
1477211,2,27
1477641,2,22
1477790,2,32
1478010,1,35
1479041,1,7
1479251,2,33
1479380,1,37
1479820,1,59
1479970,2,35
1480231,1,30
1481470,2,34
1481610,2,32
1481860,2,33
1482680,2,25
1482690,2,41
1484011,2,6
1484050,2,31
1484281,2,38
1484461,2,5
1484740,1,21
1484781,2,39
1484841,2,35
1485391,2,35
1485950,2,32
1486000,1,33
1486071,2,23
1486240,2,37
1486570,1,36
1487310,2,34
1487421,2,26
1487591,2,28
1487890,2,35
1488320,2,32
1488600,2,30
1489070,2,22
1489230,2,24
1489361,2,38
1489670,2,34
1489861,2,39
1489881,2,35
1489981,2,30
1490131,2,33
1490181,2,36
1490591,2,33
1490611,1,44
1490741,2,30
1490940,2,26
1491010,2,37
1491350,2,36
1491431,2,27
1491600,2,44
1491711,2,52
1491850,2,31
1492120,2,29
1492231,2,22
1492331,1,32
1492510,2,25
1492641,2,31
1492650,2,33
1492821,1,39
1492871,2,27
1493080,2,32
1493190,2,27
1493271,1,38
1493590,1,34
1493771,2,38
1494110,2,31
1494260,2,26
1494691,2,35
1494950,2,37
1494980,2,29
1495210,2,32
1495350,2,41
1495521,2,32
1495710,2,34
1495721,2,34
1496460,2,33
1496471,2,39
1496615,2,70
1496881,2,103
1496990,1,41
1497101,2,28
1497160,2,35
1497240,2,29
1497630,2,25
1497671,1,5
1497690,2,43
1497891,1,34
1498010,1,29
1498091,1,32
1498101,2,29
1498321,2,49
1498460,2,24
1498570,2,5
1499210,2,40
1499241,1,30
1499391,2,36
1499540,2,39
1499571,2,28
1499720,2,16
1500240,2,32
1500380,1,30
1500581,2,26
1501270,2,47
1501711,2,31
1501960,2,40
1502171,2,25
1502420,2,28
1502801,2,24
1502850,2,55
1503060,2,41
1503381,2,34
1503431,2,25
1503511,1,24
1503751,2,32
1503941,2,29
1503950,1,32
1503951,1,34
1504321,2,21
1504721,1,42
1504960,2,27
1505120,2,26
1505161,1,26
1505430,2,41
1505570,2,31
1505611,2,23
1505870,2,24
1505980,2,36
1506100,2,37
1506330,2,35
1506721,2,46
1506831,1,37
1507420,2,27
1507520,2,39
1507720,1,11
1507721,2,29
1507741,1,44
1508060,2,38
1508191,1,40
1508830,2,26
1509240,1,54
1509741,2,32
1512940,2,29
1513131,2,26
1513680,2,26
1513781,2,26
1514221,2,44
1514830,2,66
1515020,2,31
1515090,2,38
1515541,1,32
1515630,2,2
1515711,1,31
1515731,2,25
1516361,2,37
1516380,2,26
1516670,2,38
1517031,2,35
1517291,2,22
1517321,1,38
1517420,2,25
1517681,2,37
1517790,2,27
1517960,2,31
1517981,1,29
1518311,2,40
1518520,2,24
1519131,2,26
1519500,2,26
1519550,2,21
1519820,2,30
1520570,2,52
1520791,2,42
1521081,2,24
1521211,1,35
1521251,2,25
1521941,2,34
1522420,1,31
1522510,1,6
1522651,2,35
1523231,2,35
1523721,2,26
1524800,2,36
1524960,2,51
1525231,1,31
1525411,1,24
1525610,2,24
1525630,2,29
1525730,2,32
1526191,2,30
1526640,2,37
1526661,1,29
1527060,2,28
1527111,1,37
1527730,2,31
1528030,2,35
1529260,2,38
1529430,2,23
1530070,2,25
1531170,2,26
1531410,2,43
1531430,1,40
1531440,2,28
1532200,2,33
1532230,1,43
1533610,2,30
1533821,2,32
1534020,2,23
1535390,2,33
1535601,2,23
1535931,1,43
1536321,1,34
1536351,2,29
1536400,2,25
1536520,2,45
1536910,2,22
1537021,2,22
1537451,2,23
1537470,2,34
1537471,2,32
1537490,1,25
1537941,2,34
1537990,2,34
1538260,2,27
1538311,1,37
1538650,2,30
1538891,2,33
1539150,2,23
1539181,2,27
1539721,2,28
1539881,2,46
1540201,2,36
1540530,2,23
1541801,2,43
1542650,2,32
1542771,2,30
1543281,2,37
1543311,2,33
1546321,2,22
1546791,1,31
1547980,2,23
1548021,1,25
1548481,2,36
1549340,1,42
1549930,2,44
1550591,2,34
1550631,2,34
1550640,2,34
1551041,2,22
1552271,2,29
1552760,1,37
1553191,1,50
1553480,2,34
1554990,2,27
1557120,2,24
1557921,2,36
1558430,2,23
1558441,1,40
1559361,1,40
1559581,2,31
1559851,2,30
1560151,2,31
1560870,2,44
1560980,2,26
1561760,2,28
1562160,1,35
1563050,1,32
1563751,1,27
1563931,2,24
1564120,1,35
1564181,2,35
1564280,2,34
1564441,2,32
1564520,2,35
1566240,2,22
1566420,1,39
1566550,1,27
1567150,2,22
1568240,2,30
1568881,1,69
1571291,1,31
1571370,2,28
1571630,2,37
1572200,1,33
1572411,2,51
1579661,2,26
1584730,2,31
1584951,1,24
1587291,2,31
1588500,2,27
1588890,2,33
1589451,1,46
1589550,2,35
1589640,2,48
1590380,1,29
1590660,1,33
1590811,2,35
1593550,1,23
1593910,1,41
1594291,2,27
1594370,2,29
1594840,2,21
1594941,2,29
1595450,1,43
1595790,2,39
1595990,2,36
1596501,2,31
1596710,1,27
1598070,2,40
1598530,1,28
1598590,2,30
1598890,1,35
1600150,2,28
1600751,2,26
1601390,2,36
1601470,2,29
1601810,2,29
1602451,2,34
1603741,2,31
1604041,2,28
1604150,2,39
1604280,2,31
1604570,2,34
1604591,2,45
1604710,2,26
1604821,2,33
1605811,2,30
1605910,2,54
1607260,2,29
1607631,2,24
1608721,2,22
1608840,2,28
1610351,1,28
1610360,2,25
1610511,2,35
1610701,1,24
1612400,2,35
1612551,2,24
1613280,2,29
1613290,1,39
1613771,2,29
1614061,2,56
1618791,2,30
1619631,2,34
1619800,2,37
1620260,2,47
1620540,1,28
1620800,2,36
1620801,2,35
1622901,2,37
1622980,2,44
1623800,1,26
1623830,1,42
1624480,2,25
1625550,1,35
1625810,1,29
1625900,2,28
1626450,1,7
1626950,1,25
1627801,2,21
1628410,1,28
1629350,2,35
1629431,2,28
1630360,2,31
1630370,2,28
1630920,2,34
1632080,2,28
1632391,2,40
1632810,1,45
1632980,2,33
1633070,2,23
1633870,1,37
1633891,1,33
1634130,1,24
1634720,1,28
1634981,2,52
1635270,2,30
1637121,2,39
1637421,2,40
1637480,1,27
1637661,2,36
1637791,2,35
1638111,1,33
1638180,2,36
1638360,2,36
1638771,2,29
1639100,2,21
1639110,1,30
1639261,2,52
1639691,2,34
1640191,2,37
1640210,1,41
1640481,1,38
1640501,2,25
1642210,2,40
1643140,2,36
1643330,2,34
1643890,1,37
1644480,2,33
1645321,2,24
1645400,2,24
1645871,1,19
1646200,2,26
1646610,2,33
1647210,2,28
1648741,2,31
1648770,2,29
1649991,2,34
1650580,2,21
1651191,1,31
1651460,2,38
1651810,1,23
1651861,1,28
1652441,2,28
1652541,1,23
1653110,2,33
1658041,2,24
1663530,2,32
1666410,2,32
1666640,2,52
1666781,2,67
1666840,1,42
1666921,2,34
1667120,2,21
1668090,2,31
1668121,2,27
1668440,2,24
1669720,1,32
1671030,2,26
1671091,2,29
1671141,2,28
1671280,2,5
1671920,2,30
1672180,1,27
1672401,2,30
1672711,2,27
1672721,1,26
1674261,2,29
1674890,2,32
1675221,2,29
1675960,2,26
1676060,2,29
1676301,1,31
1677560,2,30
1677791,2,40
1678721,2,21
1679250,2,36
1679311,2,25
1679741,2,23
1679760,1,26
1679811,1,45
1680161,2,28
1680741,2,32
1681061,2,26
1681331,2,33
1681540,1,31
1682320,2,50
1682560,2,38
1682581,2,25
1683161,2,25
1683331,2,35
1683391,2,32
1683601,2,29
1683901,1,24
1683980,2,39
1684500,2,36
1685081,2,34
1685220,2,31
1685231,1,34
1685460,1,29
1685850,2,25
1686480,1,25
1687331,1,30
1687961,2,25
1688381,1,34
1688860,2,27
1688921,2,22
1689441,2,55
1689640,2,25
1690500,1,28
1690770,2,27
1690931,2,25
1691141,2,34
1691231,2,29
1691771,2,7
1692390,2,19
1692400,2,34
1693511,2,42
1694251,2,35
1694280,1,37
1694281,2,36
1694480,2,38
1694580,2,34
1695150,1,33
1695380,2,20
1696220,2,31
1696470,2,27
1697150,2,22
1697421,2,37
1699101,2,28
1699991,1,28
1700130,2,35
1700490,2,31
1700761,2,33
1701081,2,42
1701201,2,27
1701240,2,26
1701660,2,35
1702230,2,28
1702260,1,42
1702301,2,30
1702640,2,35
1702730,2,34
1703280,2,24
1703350,2,30
1703590,2,32
1703941,1,55
1704110,1,5
1704291,2,24
1704360,1,38
1704610,1,40
1704860,2,32
1705741,2,43
1706061,1,40
1706731,2,20
1707171,2,32
1708930,2,45
1709670,2,25
1709731,1,27
1709741,1,47
1711140,2,34
1711241,2,28
1711421,2,36
1711960,2,47
1712191,2,40
1712810,2,29
1714200,2,26
1714360,2,23
1716030,2,32
1717161,1,120
1717880,1,33
1718600,1,48
1719140,2,29
1719740,2,29
1720721,2,37
1721690,2,42
1722561,1,39
1724071,2,34
1724230,1,48
1724731,2,34
1725520,1,28
1726401,2,30
1727871,1,22
1728351,1,40
1728500,1,46
1729081,2,34
1729311,2,28
1730220,2,28
1730730,1,25
1731140,2,32
1731890,2,32
1733851,2,38
1734060,2,34
1735000,2,44
1735911,2,31
1736781,2,34
1736790,2,40
1737091,1,23
1737701,1,40
1737920,1,27
1738921,1,31
1739120,2,30
1739161,2,23
1739530,1,24
1739701,2,34
1740310,2,24
1740740,1,27
1740860,2,25
1741431,2,41
1742070,1,24
1742101,2,53
1742210,2,29
1742301,1,27
1742610,2,43
1743340,2,30
1743881,2,29
1743980,2,45
1744270,2,27
1744680,2,29
1745061,2,57
1745301,2,35
1745691,2,25
1746661,2,39
1764401,2,23
1764760,1,51
1765210,2,37
1765350,2,24
1766010,2,23
1766441,2,35
1766591,2,21
1770810,2,23
1772590,2,30
1773021,2,25
1773630,2,23
1775240,2,7
1777331,2,30
1778740,2,33
1779480,2,33
1780840,2,33
1780971,1,47
1781760,2,34
1782191,2,30
1782710,2,30
1783220,2,19
1785281,1,39
1786140,2,35
1786240,1,34
1787310,2,31
1787670,2,27
1787851,2,32
1788031,2,28
1789921,2,34
1790071,1,44
1792340,2,41
1794801,2,25
1796521,2,28
1797321,2,37
1797450,1,38
1798950,2,27
1799461,2,44
1799501,2,24
1799851,1,37
1800240,2,31
1800400,1,47
1800680,2,29
1800990,2,21
1801710,2,32
1801950,2,28
1803311,1,40
1805181,1,24
1805220,1,36
1805561,2,34
1805690,1,30
1807100,1,28
1807541,1,30
1807931,2,30
1808271,2,29
1808291,2,35
1808640,2,36
1808701,2,48
1808750,2,50
1809041,2,22
1811170,1,55
1813590,2,37
1813701,2,55
1813990,2,32
1814091,2,30
1814461,2,38
1822541,2,24
1823621,2,34
1828061,1,24
1828381,2,39
1828411,2,34
1828721,1,29
1830031,2,34
1830808,2,57
1831151,2,27
1831800,2,106
1832141,2,23
1832580,1,79
1832740,2,35
1832800,2,34
1832881,2,37
1833471,2,24
1833491,2,55
1833511,2,29
1833540,2,31
1833561,2,34
1833930,2,26
1833950,2,26
1834391,2,30
1834510,2,22
1834820,2,37
1834950,2,22
1835040,2,37
1835081,2,38
1835280,2,23
1835500,2,31
1836360,2,33
1837031,1,41
1837101,2,36
1837370,2,29
1837871,2,31
1837891,2,45
1837900,2,29
1839151,2,44
1839561,2,32
1839580,2,29
1839640,2,34
1839830,2,31
1839931,2,38
1840301,2,36
1840661,2,35
1841631,2,36
1842161,1,15
1842261,2,39
1842340,1,24
1842411,1,34
1842701,2,23
1843341,1,37
1844140,2,22
1844550,2,31
1844671,2,42
1844981,2,24
1845130,1,30
1845940,1,25
1925101,1,35
2192420,2,44
2201410,2,31
2203981,2,34
2297171,2,32
2297510,2,20
2297670,2,41
2298840,2,25
2299750,2,28
2307111,2,29
2310711,1,35
2312641,2,47
2316121,1,42
2316560,2,31
2317881,1,5
2318000,2,22
2319310,2,17
2319700,2,33
2319890,2,42
2321951,2,30
2322810,2,28
2323781,2,45
2327591,2,34
2329461,2,44
2329660,2,43
2329700,2,27
2331600,2,29
2331981,1,30
2335361,2,24
2338580,2,31
2342490,2,37
2342590,2,27
2342920,1,42
2343550,2,35
2344781,2,27
2344981,1,24
2351301,2,34
2352051,1,30
2353921,2,38
2354790,2,29
2356341,1,26
2357890,2,29
2358260,1,25
2359080,2,34
2359361,2,26
2359840,2,52
2361710,2,39
2363550,2,26
2363821,1,32
2364930,2,43
2367140,2,29
2367290,2,25
2368441,1,86
2369101,2,36
2369281,1,36
2373091,2,20
2373520,2,23
2377631,2,20
2377721,2,34
2378510,2,28
2381160,2,21
2384781,2,35
2385861,1,24
2385880,2,37
2385901,1,28
2389981,2,32
2392640,2,40
2393281,1,35
2395180,2,32
2396120,2,36
2396181,1,41
2396981,2,37
2401500,2,34
2401601,2,37
2402000,2,31
2403241,1,32
2404341,2,26
2407900,1,5
2410610,2,28
2412711,1,47
2419820,1,44
2420550,1,34
2422890,1,40
2423450,2,24
2423830,2,35
2423930,1,36
2426730,2,27
2427760,2,39
2429331,2,33
2429491,2,44
2430830,2,21
2432620,1,5
2434491,2,24
2435511,1,41
2438950,2,25
2440530,1,28
2441431,1,43
2441870,2,27
2443970,2,27
2444760,2,43
2444810,2,35
2446731,1,34
2449291,2,30
2449410,1,36
2449441,2,43
2449711,2,44
2450470,1,40
2453270,1,37
2453430,2,28
2453771,2,29
2453980,1,27
2456220,2,29
2457480,2,37
2458231,2,28
2462170,2,24
2466330,1,25
2467790,2,30
2468960,2,48
2471630,2,32
2472670,2,21
2472691,2,29
2473940,1,29
2475591,2,33
2480520,2,37
2484031,2,21
2484621,2,35
2485241,2,34
2486570,2,32
2486581,1,21
2487621,2,36
2488001,2,28
2488801,2,34
2493290,2,35
2494870,2,32
2496660,2,31
2498361,1,29
2499540,2,31
2503330,2,29
2506331,2,34
2507521,1,35
2507540,2,27
2508680,2,43
2509591,2,29
2510851,2,59
2510891,2,23
2511360,1,29
2513081,2,26
2514581,2,36
2515456,2,53
2515891,2,31
2515990,2,45
2520320,1,29
2523450,1,28
2524790,2,36
2524941,2,25
2527961,2,19
2530860,1,29
2530981,2,31
2531971,1,26
2533921,2,22
2538360,2,21
2538780,1,24
2541290,2,31
2544510,2,25
2545150,2,37
2547981,1,47
2549151,2,22
2550671,1,41
2550741,2,33
2551380,2,27
2554181,2,32
2554591,1,34
2559370,1,62
2561970,1,36
2563381,2,23
2564160,2,42
2565181,2,22
2567091,2,34
2567600,2,33
2569491,1,35
2569510,1,64
2570321,1,22
2573220,1,33
2573511,2,33
2573680,2,37
2574130,2,24
2574420,2,23
2575901,1,33
2579460,2,30
2580800,2,22
2584661,2,35
2584960,1,33
2586671,2,27
2587051,1,39
2587510,2,30
2588781,2,48
2590821,2,24
2591021,2,29
2592450,2,35
2593271,2,6
2595031,2,39
2595820,2,24
2595980,2,24
2596631,1,41
2596761,2,37
2597021,1,37
2597350,2,23
2597620,2,22
2598661,2,35
2599570,2,27
2599730,2,23
2599881,1,32
2600451,2,31
2600511,1,41
2601571,2,29
2601701,1,26
2601810,1,39
2602090,2,38
2604521,2,29
2604561,2,40
2604840,2,29
2606090,2,31
2606281,1,34
2607991,2,30
2614430,2,23
2614531,2,33
2615591,2,23
2616821,2,21
2619060,2,35
2619701,2,30
2619760,1,52
2619940,2,29
2620480,1,24
2621730,2,23
2623380,1,0
2624271,2,22
2625031,2,30
2626201,1,35
2626470,2,38
2626791,2,22
2626851,2,20
2627190,2,22
2627411,2,28
2629600,1,42
2630130,2,15
2630250,2,30
2631820,2,19
2632233,2,44
2632810,1,36
2633071,2,44
2633870,2,40
2633881,2,33
2635140,1,22
2635390,2,25
2638440,2,27
2641851,1,47
2642530,2,19
2644040,2,21
2646251,2,34
2646472,1,37
2648940,2,29
2650661,2,24
2652260,1,42
2653311,2,37
2657421,1,22
2658181,2,21
2662801,2,39
2664280,2,23
2666510,2,25
2668291,2,22
2668341,1,25
2669460,2,28
2673700,1,28
2674310,1,33
2675741,2,25
2676741,2,30
2677230,2,20
2678960,2,28
2680601,2,27
2680700,2,40
2681021,2,33
2681120,2,27
2684751,2,25
2684829,1,45
2688881,2,27
2690160,2,32
2690220,2,28
2690391,1,27
2691220,2,33
2692230,1,50
2692550,2,36
2694141,2,31
2696230,1,28
2697681,2,25
2697950,2,32
2698100,2,34
2703960,2,21
2714980,2,26
2737500,1,123
2787330,2,30
2789110,2,24
2793641,2,21
2795161,2,29
2806141,2,31
2806890,1,28
2811810,2,31
2812800,1,27
2828580,1,33
2834851,1,25
2836170,2,31
2838251,2,38
2838640,1,30
2842290,2,27
2843490,2,28
2846411,2,23
2847501,2,26
2847821,2,26
2849961,1,44
2850420,2,27
2850750,2,21
2851391,2,38
2851711,2,34
2855501,2,21
2855940,1,26
2856921,2,22
2857910,2,46
2858040,1,27
2858141,2,24
2858521,2,27
2858581,1,45
2859351,2,34
2860560,2,29
2860571,1,5
2860721,2,41
2861231,1,22
2862051,2,29
2863631,2,35
2865491,1,35
2866100,2,25
2867350,1,46
2867661,2,37
2868971,2,21
2870001,2,28
2870060,1,54
2872061,2,22
2873121,2,53
2873540,2,22
2874390,1,38
2874527,1,35
2874981,2,20
2875071,1,6
2875270,1,29
2876021,2,22
2877191,2,41
2878030,2,36
2878311,2,28
2879261,1,35
2879280,2,22
2879401,2,36
2879841,2,27
2880350,2,26
2883340,2,26
2883950,1,26
2885230,1,36
2885370,2,27
2886341,1,36
2886600,1,29
2886861,1,42
2886920,2,26
2887400,1,29
2888221,2,37
2889260,2,26
2889711,2,22
2890211,2,37
2890550,1,24
2891660,1,34
2892070,2,28
2893090,2,26
2893990,1,20
2894640,2,36
2895381,2,36
2896020,2,28
2896435,2,33
2896551,2,35
2896880,2,34
2897061,2,20
2897871,1,41
2898031,2,28
2898051,2,25
2898350,2,32
2898741,2,24
2902031,1,25
2902341,1,40
2902970,2,17
2903631,1,38
2904141,2,27
2904231,2,34
2909041,2,32
2910911,2,23
2911561,2,42
2911881,2,44
2912011,2,32
2914380,2,5
2915121,2,52
2915640,1,60
2916490,2,19
2916760,2,28
2916770,1,39
2920220,2,34
2920261,2,64
2920980,2,26
2922341,2,29
2923690,2,23
2924730,1,39
2924951,1,65
2926000,2,5
2928050,2,28
2928610,2,29
2929340,2,33
2932540,1,26
2932601,2,28
2934380,2,38
2934861,2,49
2935670,2,25
2936020,2,29
2937461,2,30
2937651,1,40
2940331,1,56
2942400,2,26
2942531,2,24
2943480,2,25
2945720,2,33
2946350,2,38
2947420,1,41
2954230,1,37
2956920,2,22
2958490,2,27
2960980,2,23
2963980,2,61
2969600,1,26
2970081,2,33
2970211,1,25
2970281,2,27
2970390,1,32
2970521,2,21
2972471,2,30
2973175,2,25
2973310,2,23
2978310,2,33
2978360,1,36
2979761,2,32
2983020,2,28
2984801,2,35
2987551,2,43
2989361,2,34
2992161,2,37
2995421,1,32
2996440,2,40
2998500,2,21
2998771,2,39
2998851,2,31
2999960,1,23
3000360,2,25
3000501,2,30
3001481,2,37
3002350,2,28
3004381,2,26
3005761,1,37
3007260,2,24
3007710,1,36
3007850,2,27
3008020,1,40
3009511,2,37
3009560,2,28
3012961,2,32
3013001,2,46
3018251,2,21
3018840,2,55
3020290,2,24
3021680,2,38
3023490,2,36
3023851,1,24
3029800,1,25
3030851,2,25
3031151,1,48
3031251,2,26
3032741,2,27
3039370,2,29
3039770,2,31
3040371,2,21
3040470,2,36
3044071,1,43
3045910,2,31
3047071,2,29
3047731,2,28
3047860,1,35
3050831,2,27
3054960,2,34
3055880,1,45
3056440,2,36
3056611,2,37
3056640,2,23
3056671,2,47
3058971,2,24
3059290,2,24
3061651,2,37
3062221,2,33
3064050,2,28
3065120,1,36
3066130,2,22
3066660,2,30
3068801,2,26
3069060,2,22
3069070,2,25
3071380,1,43
3072950,2,38
3073490,2,40
3073921,2,28
3074761,1,34
3074920,2,23
3077611,2,24
3078330,2,31
3079010,2,28
3079451,2,59
3080131,2,27
3080851,2,34
3081451,2,21
3082061,2,34
3082800,2,35
3084100,1,30
3084300,2,25
3084801,2,19
3085561,2,19
3085961,2,33
3087570,2,34
3087800,2,31
3088130,2,21
3088850,1,42
3089611,1,33
3091071,2,23
3091430,2,20
3092261,2,4
3093230,2,39
3094251,2,23
3095790,1,31
3097081,1,21
3098161,1,35
3099381,2,28
3100550,2,29
3101010,2,25
3102090,2,20
3102581,1,35
3102930,2,24
3103870,1,44
3103951,2,34
3104111,2,21
3105531,2,28
3106040,1,36
3106311,2,20
3106551,2,36
3106581,2,22
3106721,2,39
3106771,2,25
3106821,2,24
3106971,1,30
3107061,2,26
3107130,2,33
3107191,2,44
3108051,2,36
3108081,2,22
3108151,2,30
3108360,2,25
3108911,2,38
3109541,2,32
3109641,1,27
3109960,2,24
3110281,1,5
3112380,2,33
3112410,2,26
3112481,2,35
3113031,2,29
3113540,2,26
3113901,1,70
3114700,2,60
3114761,2,32
3115880,2,30
3115930,2,25
3117380,2,39
3117680,2,32
3118080,1,29
3118430,2,42
3118760,2,46
3119571,2,23
3120610,2,28
3120681,2,33
3120931,1,35
3121830,2,4
3121900,1,35
3122121,2,21
3122851,2,32
3123121,2,25
3123440,2,27
3124160,2,38
3125280,2,31
3125390,2,22
3125790,1,40
3125811,1,66
3126381,2,30
3126801,2,33
3127870,2,30
3129491,2,28
3130351,2,24
3132331,2,29
3132771,1,36
3133360,2,19
3133391,2,3
3134291,2,25
3134540,2,30
3136640,1,32
3136710,2,39
3136930,1,34
3141020,1,25
3141550,2,27
3142450,2,4
3142920,2,29
3143540,2,31
3143660,1,51
3143760,2,27
3144260,2,38
3147480,2,22
3147540,2,39
3148440,1,35
3150610,1,28
3151090,2,20
3151860,2,32
3152370,2,40
3152820,2,36
3153250,2,24
3154480,2,36
3154960,2,26
3155060,1,38
3155870,2,26
3156370,2,30
3159891,2,30
3161031,2,31
3165100,2,28
3166190,1,23
3167081,2,31
3167951,1,35
3168920,2,42
3169011,2,29
3170211,2,21
3172600,2,21
3173090,2,23
3174060,2,4
3174211,2,40
3175530,2,24
3175571,2,21
3175590,2,37
3175711,2,32
3176121,2,19
3176440,2,37
3177291,2,31
3177460,2,34
3178021,1,30
3178171,2,36
3180100,2,23
3180111,1,20
3180500,2,29
3180740,2,120
3181140,2,27
3181401,2,36
3182501,2,51
3183381,1,54
3185101,1,40
3185130,1,34
3186221,2,28
3187131,2,20
3187900,2,34
3187971,2,39
3189981,2,29
3193391,2,52
3193751,2,22
3194111,1,5
3194741,2,6
3195410,2,32
3195510,2,34
3195511,2,29
3196210,1,40
3198011,2,23
3198540,2,33
3199461,2,40
3200451,2,34
3200491,1,25
3201751,1,31
3201830,2,28
3202070,2,24
3202141,1,36
3203101,2,20
3203611,1,27
3203671,1,32
3302401,2,20
3303550,2,49
3305761,1,103
3305791,2,29
3307180,2,38
3314140,2,31
3315490,2,31
3316000,2,29
3317131,2,24
3320041,2,38
3321391,2,31
3324010,2,17
3329881,1,35
3330490,2,38
3339631,1,26
3343141,2,31
3344791,1,20
3347371,2,5
3353161,2,27
3360301,1,25
3360331,2,4
3361270,1,31
3361771,1,32
3363370,2,36
3363661,1,42
3368881,2,21
3369940,2,25
3370711,1,26
3373588,2,60
3374041,2,26
3374221,2,25
3374761,2,36
3377521,1,16
3378901,2,32
3380500,2,34
3381040,2,38
3381601,2,21
3382231,2,24
3382411,2,28
3384010,2,37
3388381,2,28
3389641,2,32
3394201,2,32
3397120,2,28
3406030,2,23
3407380,2,17
3408820,2,43
3416311,1,36
3419380,1,32
3419500,2,6
3421561,2,20
3422620,1,26
3423070,2,30
3423121,2,20
3424510,2,17
3425281,1,27
3426100,2,21
3429571,1,41
3429901,2,34
3430090,1,21
3433171,1,32
3440851,1,39
3443980,2,24
3445321,1,41
3448321,1,27
3450910,2,30
3454441,1,26
3455191,2,39
3455461,2,30
3457291,2,27
3458350,2,27
3458890,2,14
3460951,2,32
3463030,2,20
3464101,1,26
3468040,2,23
3468241,2,30
3472930,2,21
3474271,2,5
3479980,2,25
3480631,2,30
3481561,2,39
3486811,1,35
3491611,2,17
3494701,1,33
3495220,2,20
3499411,2,27
3501820,1,28
3503800,2,30
3507820,1,5
3508750,2,30
3509101,2,32
3509170,1,104
3509191,1,41
3514531,2,22
3518650,2,31
3521860,1,27
3525421,2,20
3527350,1,100
3528481,2,26
3529411,1,38
3529810,2,37
3530260,2,21
3540370,2,36
3540460,2,31
3542971,2,36
3547150,2,26
3548731,1,28
3553111,2,28
3555241,2,23
3560581,1,47
3562450,2,19
3564910,2,23
3568450,2,22
3570991,2,26
3571381,2,25
3571441,2,24
3571870,1,45
3573661,2,22
3577540,2,20
3581581,2,43
3581920,2,27
3582961,2,35
3583561,2,25
3590641,1,25
3590761,2,22
3590800,2,39
3593860,1,29
3596191,2,34
3598240,2,25
3600271,2,23
3601231,2,32
3604300,2,25
3607411,2,33
3611761,2,36
3615370,1,22
3616300,1,32
3618121,2,27
3623080,2,6
3624730,2,22
3630361,2,34
3631741,2,42
3634300,1,5
3635401,2,32
3636640,2,35
3638920,1,22
3639040,2,29
3640591,2,30
3641191,2,104
3641551,2,21
3642760,1,22
3642811,2,41
3643261,2,34
3644230,1,33
3644830,1,30
3646711,2,38
3646771,1,39
3650971,2,27
3657721,2,23
3660130,2,35
3660160,2,40
3661201,2,27
3663691,2,25
3666310,1,29
3667630,1,42
3670930,2,28
3672490,2,24
3675841,2,21
3676060,2,20
3677500,1,29
3677851,1,20
3677860,2,32
3678850,2,26
3681340,2,32
3682591,2,24
3682900,1,24
3691150,2,32
3699481,2,37
3702211,2,23
3704311,1,35
3704491,2,37
3709200,2,53
3710791,1,21
3712801,2,32
3717961,2,25
3720430,2,35
3725140,2,39
3726361,2,32
3729001,2,30
3729220,2,25
3745471,2,37
3752620,2,19
3753571,2,22
3757831,2,35
3761881,2,29
3764461,2,27
3766480,2,29
3766540,2,35
3771460,1,34
3771571,2,21
3771790,2,48
3772021,1,26
3772261,2,33
3773071,1,25
3774700,2,20
3784681,2,32
3785851,1,53
3786181,2,19
3786640,1,23
3787261,2,21
3787600,2,26
3789271,1,43
3794401,2,34
3796321,2,25
3798361,2,31
3800350,2,29
3801301,2,58
3803971,2,23
3806041,1,72
3806491,1,98
3806611,2,27
3812911,2,21
3816721,2,35
3819751,1,40
3820291,2,25
3825751,2,36
3825811,2,19
3828511,2,34
3833041,2,26
3833191,1,30
3834760,1,27
3835840,1,39
3838891,1,29
3839701,2,24
3842350,2,27
3842590,2,24
3843271,1,41
3846550,2,28
3846790,1,34
3847120,1,52
3847921,2,33
3848881,1,22
3849220,1,27
3849241,1,28
3850411,2,28
3850810,1,40
3852280,2,27
3855301,1,35
3855481,1,40
3857641,2,20
3858091,2,19
3858190,2,33
3861571,2,30
3862111,2,30
3862351,1,25
3865540,1,47
3866131,2,34
3866491,1,32
3868711,1,39
3869020,1,4
3869050,2,22
3871861,1,28
3875791,2,22
3875881,1,31
3878311,1,34
3878380,2,19
3878470,2,39
3879061,2,27
3880300,1,29
3880630,1,29
3880960,1,36
3882901,2,5
3883780,1,30
3883930,1,29
3884830,2,24
3884911,1,34
3886111,2,37
3886780,2,26
3887800,1,42
3891481,1,25
3893251,2,27
3897640,2,30
3898711,1,35
3899671,2,29
3900511,1,32
3900661,2,28
3901690,2,29
3901750,2,28
3902680,2,32
3906550,2,29
3907441,2,25
3911290,2,24
3911860,2,30
3912061,2,30
3913840,2,31
3914770,2,30
3915451,2,28
3916051,2,29
3918361,2,33
3919510,2,26
3920041,2,28
3920170,1,21
3920311,2,19
3922141,2,43
3922270,2,27
3927331,2,29
3934270,2,35
3936241,2,36
3940390,2,25
3942100,2,40
3943480,2,24
3943780,2,18
3944350,2,34
3955471,2,4
3959860,2,25
3961981,2,21
3962890,2,20
3963421,2,35
3969010,2,22
3969940,2,31
3970741,2,28
3975151,2,26
3976060,1,23
3978271,2,38
3980701,2,41
3980770,2,25
3982000,2,42
3983350,2,21
3983680,2,23
3984490,2,30
3985471,1,35
3986170,2,5
3987910,2,103
3989680,2,45
3991510,2,27
3992641,2,5
3995251,2,28
3996820,2,19
3997651,2,32
3997891,1,36
4000480,2,24
4006501,2,23
4007101,2,35
4007791,2,26
4008610,2,37
4012831,1,25
4013341,1,35
4014661,2,25
4015771,1,35
4020211,1,35
4022941,2,31
4024150,2,33
4028551,2,28
4031200,2,20
4032940,1,28
4035181,1,20
4041361,2,34
4041610,2,13
4046230,2,27
4049491,2,28
4050091,2,24
4050691,2,18
4053871,2,26
4055560,2,15
4055800,2,28
4056700,1,38
4057681,2,37
4061821,2,28
4072270,2,28
4078030,1,21
4078381,1,27
4078420,2,28
4084780,2,32
4085251,2,32
4089151,2,34
4089880,2,38
4095400,2,30
4104040,2,35
4104661,1,25
4105051,2,19
4106440,2,28
4111081,2,23
4115101,1,27
4127050,1,33
4127500,2,31
4131901,2,34
4134661,2,34
4140601,2,19
4140871,1,30
4141480,1,23
4142281,1,30
4143991,2,34
4144171,2,29
4146331,1,33
4154830,2,22
4155151,1,36
4158700,1,30
4158850,2,26
4161121,1,28
4162051,1,30
4162981,2,26
4163611,2,35
4166071,2,26
4194730,1,32
4209511,2,22
4209760,2,27
4214890,1,24
4215130,2,22
4216051,1,24
4219570,1,20
4221481,2,26
4227631,2,30
4229380,2,33
4233691,1,19
4236970,2,38
4245430,1,29
4246810,1,63
4247470,1,66
4248790,2,24
4253380,2,33
4254211,1,29
4259380,1,5
4267780,2,19
4268191,2,31
4268551,2,37
4268770,2,23
4271761,2,25
4274890,1,48
4278331,2,34
4278391,1,23
4280311,1,28
4284031,2,36
4284241,2,25
4284571,1,39
4288090,2,31
4289221,2,36
4292731,1,27
4296790,2,4
4299910,1,30
4301551,2,35
4301650,1,41
4310971,2,19
4311841,2,29
4315711,2,5
4321120,2,38
4323001,2,17
4325041,2,32
4325251,1,28
4334830,2,26
4336951,2,30
4339270,2,19
4339750,2,27
4355401,2,26
4360141,2,38
4362070,2,29
4370401,2,24
4372681,1,22
4376950,2,29
4377010,2,22
4383640,2,48
4384180,2,30
4385551,1,42
4391131,2,26
4392121,2,28
4393621,1,28
4399300,1,33
4401151,2,44
4403230,2,20
4413610,1,23
4414831,2,20
4420240,2,23
4424200,2,29
4427920,2,34
4437091,2,40
4438300,2,24
4441291,2,36
4444120,1,25
4445371,2,24
4454581,2,5
4454620,2,40
4459891,2,27
4463281,2,28
4464820,2,20
4465660,2,25
4466491,2,33
4467691,2,25
4468210,2,21
4472890,2,36
4473841,2,24
4474021,2,25
4484281,2,24
4487371,2,36
4496551,1,27
4499701,2,21
4499740,2,39
4504771,2,24
4513051,2,25
4519840,2,32
4523140,2,23
4526290,2,30
4526761,2,25
4526860,2,20
4528450,2,22
4528621,2,27
4532410,1,30
4536400,2,30
4537801,1,36
4543810,2,36
4546900,1,25
4549930,2,29
4550380,2,30
4554961,2,27
4556641,1,34
4558540,1,23
4565881,2,28
4570021,2,24
4571680,2,28
4572241,2,20
4585261,2,35
4588390,2,20
4590880,1,23
4594861,2,37
4594990,2,26
4595221,1,32
4600180,2,22
4600420,2,24
4600660,1,95
4601761,2,31
4601830,2,22
4606441,2,19
4606720,2,22
4607350,2,38
4611550,2,41
4611910,2,23
4614121,2,24
4615510,2,24
4615930,2,34
4624381,1,25
4627030,1,40
4628590,2,25
4629031,1,26
4631890,2,22
4638811,2,25
4640020,2,28
4641700,1,25
4643521,1,26
4645300,2,33
4648000,2,17
4648120,2,23
4648630,2,32
4649500,2,20
4650070,1,94
4650841,2,19
4652140,1,31
4653061,2,19
4653070,1,31
4657531,2,45
4658110,1,26
4663180,2,36
4663990,2,35
4665430,2,4
4666741,2,27
4671061,2,23
4671571,2,19
4673470,2,24
4674700,1,34
4675900,1,26
4676080,2,22
4678450,2,21
4678780,2,21
4679530,2,30
4679731,2,24
4680391,2,45
4681681,2,22
4681900,2,32
4681981,2,25
4682071,1,34
4682440,2,27
4683370,2,19
4686440,2,22
4687060,2,27
4687150,2,21
4687210,2,19
4688020,2,18
4688140,1,35
4688770,2,24
4688881,2,18
4689091,2,55
4689280,2,21
4690171,2,26
4690330,2,26
4690570,2,28
4691650,2,24
4692040,2,29
4692511,2,21
4692610,2,36
4693501,2,41
4694800,2,18
4694821,2,20
4694941,2,31
4695001,1,21
4695340,2,32
4695730,2,25
4696090,2,36
4696561,2,18
4696891,2,23
4698151,2,25
4698691,2,21
4699390,2,21
4699960,2,4
4700050,1,37
4700440,2,30
4701061,2,30
4703110,2,21
4703131,2,21
4703170,2,31
4704391,2,24
4705231,2,21
4706320,2,26
4707820,2,28
4707940,2,23
4708210,2,25
4708291,2,36
4709311,2,32
4713070,2,37
4713940,1,24
4715680,2,20
4715971,2,29
4716481,2,32
4716520,2,36
4716670,2,51
4717720,2,26
4718521,2,25
4719331,2,42
4721401,2,25
4724950,2,29
4725961,2,22
4726141,2,29
4729810,2,34
4730020,2,38
4730461,2,21
4731061,2,31
4731550,1,4
4731670,1,42
4732381,2,37
4732540,2,27
4732921,2,33
4734691,2,34
4736281,2,27
4737331,2,30
4738771,2,39
4739281,2,20
4741561,2,28
4741960,2,29
4742851,2,29
4743691,2,34
4743751,2,37
4744471,1,25
4746070,1,43
4749160,2,38
4749580,1,33
4749880,2,35
4750660,1,37
4751191,2,33
4752691,2,25
4753930,1,41
4755970,2,37
4757551,2,37
4759600,2,34
4760590,2,24
4762690,2,33
4764901,2,21
4767091,2,19
4767760,2,34
4767781,1,33
4768321,1,36
4771381,1,26
4771501,2,32
4786231,2,21
4788031,2,35
4791100,1,28
4792930,2,31
4792990,2,33
4803541,1,33
4805410,2,31
4807021,1,21
4807060,2,29
4811830,2,24
4812460,2,41
4814521,2,39
4815280,2,34
4819450,2,24
4819630,2,30
4819990,2,19
4820020,2,27
4821211,2,21
4825291,2,24
4826521,2,24
4827451,1,29
4829110,2,35
4829590,1,4
4830481,2,28
4830661,1,26
4831861,2,39
4832551,1,23
4841491,2,31
4844911,2,26
4850920,2,20
4851481,1,38
4855051,2,27
4856011,2,34
4856500,2,31
4857040,2,33
4862041,2,44
4864270,2,33
4864900,2,37
4865221,2,32
4877980,2,37
4887091,2,20
4892890,2,35
4900150,1,42
4900561,2,25
4903531,1,34
4905271,1,53
4906111,2,38
4910650,1,23
4912771,2,36
4912780,1,31
4912921,2,21
4913221,1,39
4913881,2,19
4918720,2,24
4919350,2,33
4921891,1,35
4924300,2,41
4926700,2,42
4927321,1,26
4927801,1,40
4928461,1,62
4930390,2,21
4931401,2,37
4933261,2,30
4939030,2,26
4943110,2,40
4944241,2,23
4948480,1,28
4949590,1,40
4952311,2,23
4954711,1,1
4955911,2,25
4959661,1,29
4963510,2,24
4966330,2,39
4967080,2,37
4970080,2,28
4970800,2,25
4973020,2,20
4974970,2,18
4977691,2,18
4981021,2,30
4981321,2,20
4984591,2,38
4986211,2,24
4991590,2,28
4993750,2,21
4994821,1,26
4995160,2,23
4995370,2,31
4995931,2,33
4996630,1,35
4997281,2,22
4998811,2,39
4999540,2,25
5001571,1,23
5007631,2,44
5011291,2,27
5013961,2,38
5014060,2,42
5015251,2,32
5016931,1,26
5022121,2,29
5022910,1,27
5028550,2,34
5030191,2,25
5033440,2,26
5033890,2,44
5036530,2,20
5037001,2,19
5038921,2,4
5040391,1,23
5042080,2,28
5042491,2,30
5045080,1,42
5045251,2,21
5048761,1,22
5052430,2,28
5054410,2,25
5058181,2,26
5060731,2,21
5064610,2,28
5070610,1,32
5073751,1,43
5075740,2,20
5076391,2,40
5082331,1,22
5083111,2,20
5086690,1,45
5088541,2,4
5091991,2,35
5094280,2,31
5096341,2,31
5097310,2,31
5098090,2,28
5100490,2,18
5101321,2,34
5102440,2,32
5102770,2,32
5104381,2,41
5106811,2,28
5107651,2,26
5107780,2,31
5109091,2,26
5111740,2,31
5113261,2,19
5113381,2,35
5113801,2,30
5121520,2,29
5122201,2,26
5123071,2,28
5123110,2,33
5127031,2,21
5128060,2,40
5128630,1,42
5134570,2,26
5135491,2,44
5136130,2,30
5138101,2,22
5138401,2,24
5138641,2,29
5144041,2,27
5146870,2,82
5153671,2,24
5155060,1,31
5159860,1,28
5160541,2,22
5170471,2,19
5171530,1,25
5172631,2,28
5174431,2,21
5175100,2,20
5177371,2,26
5181271,1,28
5181460,1,33
5182141,2,44
5184070,2,25
5184580,2,26
5184700,2,28
5186281,2,45
5188831,2,32
5196790,1,34
5199220,1,23
5200111,2,24
5207890,2,20
5208460,2,32
5209240,1,32
5213710,2,33
5216050,2,34
5216110,2,31
5216170,2,31
5217211,2,27
5218531,1,37
5219611,2,35
5219620,2,33
5222350,2,28
5225401,2,19
5227051,2,25
5229151,1,19
5236030,2,17
5238070,2,17
5239690,1,26
5239750,1,54
5241421,2,38
5242030,1,42
5246170,2,32
5247301,2,35
5249170,2,30
5249710,2,42
5251261,2,36
5252491,1,29
5252791,2,20
5254690,1,23
5255641,1,39
5255911,2,32
5259130,2,30
5262151,2,24
5268901,2,22
5277361,2,25
5279521,2,17
5280340,2,30
5282440,2,26
5291140,2,34
5296450,2,24
5301391,2,28
5305690,2,32
5306350,2,19
5310751,2,29
5311180,2,25
5311501,1,33
5314381,1,30
5314900,2,24
5316280,2,30
5317051,1,24
5317390,2,26
5317870,2,35
5318050,1,4
5319280,2,25
5320930,2,21
5323501,2,35
5328331,2,24
5329111,1,33
5330830,2,26
5331181,2,33
5331301,1,45
5333290,2,20
5333710,2,31
5334211,2,20
5335171,2,19
5336080,2,29
5339290,1,33
5348020,1,24
5349850,2,20
5350381,2,20
5352421,1,39
5356921,2,17
5360251,2,17
5363491,2,28
5368831,2,41
5370310,2,21
5371171,1,26
5372080,2,19
5372320,2,23
5373781,2,29
5384431,2,29
5386981,2,35
5393431,2,27
5393830,1,23
5394100,1,29
5394940,2,34
5396581,2,30
5397760,1,24
5402740,2,18
5404870,2,17
5405620,2,35
5406490,1,34
5407951,1,31
5413900,1,47
5414530,2,23
5417650,2,25
5417920,2,29
5422630,2,30
5422831,1,23
5426641,1,38
5429080,2,24
5436340,2,36
5436961,2,20
5438221,2,31
5438590,2,30
5439190,1,22
5440621,2,4
5440891,2,20
5442040,2,32
5442871,2,34
5443831,1,26
5445151,2,23
5445970,2,24
5448310,2,31
5448541,2,29
5449660,2,4
5453050,2,28
5453401,2,29
5456560,2,20
5458231,2,22
5459350,2,25
5459950,2,34
5460211,1,27
5460610,2,17
5461741,1,27
5463310,2,37
5464030,2,43
5464870,2,40
5469511,2,37
5470840,2,24
5473591,2,19
5473681,2,21
5474191,2,18
5474311,2,22
5475451,2,20
5480611,1,22
5482000,2,22
5482210,2,34
5484751,2,22
5486740,2,20
5487760,1,35
5489131,1,31
5490880,2,21
5491921,2,23
5492791,1,23
5497810,2,22
5498821,2,26
5499061,2,22
5505400,2,19
5507371,2,33
5508211,1,39
5508901,2,41
5512261,2,45
5515060,1,50
5520280,1,23
5520490,2,4
5520820,2,22
5522080,2,25
5522461,2,43
5527021,2,18
5529511,2,28
5531611,1,23
5533570,2,26
5533951,2,28
5536591,2,74
5538841,2,23
5539171,2,54
5543740,2,70
5546530,2,18
5546650,2,22
5551510,2,18
5553031,1,24
5560810,2,21
5561320,2,17
5563930,2,28
5564161,2,21
5564671,2,38
5566000,1,31
5567140,2,32
5568361,2,26
5570281,2,26
5572531,1,38
5573221,2,90
5575060,2,31
5578651,2,20
5578741,1,43
5578840,2,22
5580151,2,28
5583121,1,72
5583181,2,22
5587660,2,19
5588191,2,25
5590291,2,29
5591011,2,24
5594200,2,26
5594650,2,34
5594860,2,32
5595460,2,19
5598511,2,38
5599570,2,21
5603020,1,24
5603050,2,19
5609221,2,37
5609881,1,30
5610511,1,29
5616100,2,30
5616181,2,24
5619880,2,21
5620000,1,27
5620180,1,24
5621461,1,33
5622481,1,29
5628160,2,38
5629021,2,32
5630500,1,61
5632561,2,32
5634130,2,20
5639320,2,28
5643790,2,18
5646511,2,19
5647540,2,33
5647951,2,29
5648530,2,102
5650471,2,4
5652481,1,30
5661250,1,32
5661601,2,19
5661880,2,20
5664160,1,26
5671870,2,17
5671951,2,29
5675251,2,21
5675701,1,20
5677591,2,40
5679151,2,21
5679721,2,32
5680630,1,29
5689120,2,18
5690980,1,27
5699230,2,23
6459040,1,39
9213310,2,27
10335850,1,52
10987250,2,52
