user_id,book_id,rating_predict
281,2461928,8.59481383228383
1250,31957,7.555384502133281
4241,196603,8.05151745876289
5140,468894,8.329851426800918
7781,2141951,7.4926070912429035
8391,4684864,7.71771928000356
13350,2927125,6.9864203194849654
13680,2712011,7.221099080704415
13810,2450736,8.465832451310495
14950,531001,7.332208167524995
14990,3262102,7.740484278429882
15651,634493,7.885519627580247
15710,2145220,7.882616286496915
15760,1251642,6.721319478839407
16510,2121783,8.767448654922575
16711,1352957,6.714122262633907
16751,3802522,6.62484939920738
17450,479190,8.148293762715596
17531,3836839,8.218883719137912
18110,2599190,7.319514135029225
20080,614433,7.641812407171313
21671,1612347,8.551857302366363
24231,2762412,7.705455782988396
25190,2129220,7.641690304392832
26301,482039,7.966698280869581
26670,1341085,7.769039435283327
26851,2577789,8.409971760838422
27991,2141884,6.369259301279016
28231,173943,6.878288436766022
28270,195089,7.9915104026877515
28951,2770245,7.9938967394878455
29361,436461,8.009399427554508
29700,3991237,7.665114785797948
30160,1292056,7.714789905664699
32451,2215245,7.177851036314543
33340,1722927,7.895459929739782
34041,2423293,7.230380704496132
36270,4603603,7.67857845848037
37081,2694951,7.718979279133267
38661,763349,8.170999063010873
39411,1354194,7.750587627291216
39541,1750748,8.541517778246336
39881,306521,8.790151323787477
40330,2578149,7.659269144956501
40520,489872,8.14687939446742
41150,4625218,7.803374164796238
42150,473926,8.425537898277883
42410,2141871,7.7514783851312705
42511,132629,8.454096371563038
44861,442320,7.408864912005225
46650,194451,8.852424836416258
47410,2467103,7.865613653364797
48221,188442,3.8888062194185817
48890,261421,7.6138507720603785
49261,131228,8.133575694348307
49380,2425135,7.256870173527387
50691,492895,7.704356672044387
51041,2276715,8.265110471784425
51630,901731,8.248157755205133
52680,195678,7.65743282511474
52741,2484967,7.814927134542017
53811,496731,7.949930786791481
54711,2231627,7.0685752676013776
54911,1577474,7.704227796378972
55161,1947821,7.813634984286846
55171,3789592,6.867478931191279
55251,2463719,7.8693610094308
55470,1726328,6.697926979164719
55861,2522356,8.550503462727194
56360,2443326,6.880551740344524
56410,3801229,6.897078594791634
57591,212216,8.512497437637348
57711,327556,7.8611714183178
59011,5175577,8.347787208005162
59130,1118435,8.494076284757352
59260,5069705,7.965588645214017
60390,6222,8.693730477256926
60520,2818720,8.09090176839498
60521,986524,7.094750543411231
60730,5075707,6.953774871918105
61020,117529,8.33485670189563
61560,5194960,7.0348481033037835
61691,2266658,8.763152482406449
62090,2604131,8.013512316019728
62451,2435077,8.024301571694654
63830,2301271,7.754583915414787
64000,2287253,7.921346921374932
64080,1083718,7.652918979230214
64530,1462245,6.9222535337613085
66320,2279501,8.032606151179618
66860,2482997,7.550978820762295
67000,2573148,7.947745067441151
67350,2209477,7.78663521973017
68131,4289227,7.969462312364089
68790,1610935,7.685489547475523
69580,3182068,8.017011073798814
69711,2588792,8.001748800621161
72241,2532359,6.988674311100071
73081,3786424,8.254373483034188
73301,986032,8.27540268616911
74030,4564129,7.780618911104831
74200,3741640,8.735126130919305
74571,2212149,7.726814138533709
76211,313514,6.94647115131784
76220,2300478,8.626537530732818
76811,432544,7.578722408365701
78640,1636917,7.026043179854941
79031,1201840,8.024772844635205
79070,4018180,5.943913981626857
79100,2229477,7.995690125514669
79380,3766759,7.966752034029868
79851,562680,7.945959968860996
80320,1709068,7.690083015347684
80530,4582423,7.683386167435741
80861,1523651,6.944595280798212
81450,2316186,7.849436308282255
82160,4612210,7.653995072164084
82490,476483,7.729841619341508
83960,306445,7.795743730903619
84471,484227,7.263226686339311
84801,6017890,7.934046385419794
84910,25357,8.049230979412336
85231,4148959,7.947745067441151
85321,2690529,7.548669427571223
85430,2343168,7.025565684588466
85580,3785716,8.438543925094036
86020,3593470,7.5362199946799215
86070,1751584,7.827377963260017
86261,5119510,6.717714116726815
86470,128220,8.207643946154182
87071,713520,7.6742686297764555
87860,692712,7.42948318574119
87891,4794718,8.058962842942845
88321,2527562,6.096275450582489
88751,4811725,8.347787208005162
89561,2362532,8.237622111506004
89581,2546856,8.316768708954578
90121,2577789,5.181226460658525
91421,504193,7.976940802729218
91441,1339374,8.252812880817343
91690,422,6.752681397350564
92030,1242504,7.677371003048545
93041,4752370,6.773778115421064
95610,2391185,7.848345022608117
95691,313787,7.574398979600646
96241,477223,7.708766975286012
96361,1853932,8.559339714013195
97300,1333065,8.302378055291328
97921,568079,8.440835027434275
98071,4183999,7.780705221265627
98401,2012,7.924886537356619
98911,35960,6.2586917172805805
99511,181149,8.401264022733772
100090,612487,7.577307430889077
100770,449072,8.475577559472923
102621,2571359,6.689328329251146
102640,3465649,8.073369209945307
102770,3768418,8.694578734728218
103041,2531639,7.96113516079444
103490,472043,7.670743373832797
103850,103863,8.738926805007807
103860,316084,6.713745954943515
104111,2712011,7.221099080704415
104461,129739,6.008507315989959
106071,1956388,8.59638662459962
106150,5144353,7.681757368400722
107391,2575859,8.42778163861148
108590,243334,7.554418275131236
108961,2401452,7.84302053215282
109040,214879,8.577843644767869
109061,2320592,8.112417339230344
109111,183602,7.975323081362847
109350,7209358,8.542553696868767
109651,778484,6.061578734907847
110240,4360447,8.316768708954578
110400,2599190,8.552236866064566
110580,1079,7.566815682590955
110601,911676,8.454322064746398
110610,4741048,8.784519849515421
110631,1806628,7.459867699687986
110871,2610042,8.522003616214432
110900,216878,7.465150358232795
112441,5146501,6.76345699671316
112630,858237,7.926992957240391
112801,2321956,7.8467872264278
112821,313249,8.115139871544349
114131,4412509,6.466436806822614
114190,309421,8.012201483467981
114260,3863911,8.700813156337393
114681,3144355,7.7222494930197225
116110,868187,7.666181607306999
116120,481522,7.991536755034302
116540,2081705,7.726007292939666
117211,494407,8.84886739777249
117301,2989726,8.340508835179005
117361,931342,7.877412444088196
117431,5168251,8.755147466757009
117491,471599,7.615959071420546
117621,314177,8.344702491631972
118861,4018180,7.2047302313128005
118961,120160,4.35611808152575
119901,1444766,4.493230768731299
119981,2242925,7.789383663284411
120750,2286863,6.197289007012658
120761,2215231,6.2384012196870655
121171,2318816,5.869650014186444
121980,1288384,6.340515236462885
122220,1353581,7.535359224099454
122321,2608564,5.416541686318504
122441,2209477,7.1410378668738295
122600,264330,6.4097166341075855
122641,4879087,7.921765228932995
122851,4177156,7.609511098085677
123210,2145940,8.293049865197256
123531,5075125,7.829366147847557
123840,535707,7.683569037607004
125330,2467103,7.910270370895961
125400,2273687,8.02085826980335
125511,466232,8.630508133947819
125620,2145175,8.01501212760645
125870,546726,6.806588234571726
126781,2596602,8.189678263466298
126920,2694951,6.856518179589975
126931,2377730,7.687496009940644
127841,1030757,7.394379807952928
128390,859217,7.360396759549363
128511,1442680,8.448025034818636
129711,2458140,8.358725915771178
129970,1299424,7.293496498685489
130031,1206977,6.161423715616758
130710,453415,6.630685192554272
131100,4908796,7.6424221054517565
132541,2287671,7.972119932723208
132711,5118154,7.803374164796238
132771,2388495,8.009822384653651
132950,4370989,7.875091713084394
132951,1239169,7.703931608674387
133210,2486590,7.51126493684728
133780,2486212,7.757518348059814
133791,2085591,8.316768708954578
134151,5040484,8.085088349721572
135041,3766759,7.824226281084804
135400,2737696,7.759822269598594
135620,3954634,8.20404058916349
136081,4183999,8.062710610825409
137231,2260524,7.522617605291644
137381,4827193,7.487201159552518
137500,1817250,4.33078574809166
137601,4681675,7.400783973719523
139371,170101,7.777794966050805
141230,534430,8.532889217198816
141320,2577789,4.570911642677786
141441,681470,8.426180652418484
142221,3763261,8.298832927750334
142250,800684,7.813200530267322
142670,4181938,7.969462312364089
142931,2388329,8.812816743985566
143241,4533115,8.012229350181592
143471,1214445,7.884622544232467
143881,447190,6.953556540667835
144650,1338181,7.075049409154445
145061,122216,8.319841956420566
146370,4631686,7.83068793350072
147750,2883814,8.569459509459056
148191,4432252,7.0118086108542625
148840,196603,8.017664636271387
148890,103890,7.218871403534057
149471,573666,8.50544192981655
149560,471599,7.229180051738772
149670,4552675,6.358829595632334
150390,2139892,8.665828641989378
150400,2391039,8.086187624972062
150680,2251427,7.747589873016014
150971,872931,5.99134064494575
151111,484504,6.951164759664701
151121,28666,7.902192259093812
151990,34091,8.193799696896978
152101,4412509,6.198082606062201
152170,4295821,7.690203442572838
152611,3040795,8.068437656367802
153030,129634,6.874696152288907
153081,537558,8.753340913956915
154291,3693118,7.687772532787918
154851,1281472,7.991015007601414
155271,2205227,7.179255667132207
155281,829127,8.559849032286467
156241,1918003,7.465909006210665
156371,2260199,7.870184188776407
156390,4268950,8.783622266113216
156670,1932068,7.918280275174645
156980,2484994,7.28456571874873
157221,822326,8.10831052332352
157440,498948,7.949685555366665
157551,1000352,7.885113801885826
158830,2272902,7.839947284686833
160011,2279417,8.311942450371626
160131,2575023,7.858350738809995
160170,673411,8.285325280881715
160360,3893974,8.486014088752578
160371,2430403,7.936489215803474
160510,2071570,7.659697733124281
160741,31876,7.132451437199231
163161,4421068,8.771173301743325
163400,464534,7.711782854249759
163631,3891124,6.471135838234999
164031,460023,6.578056976642797
164170,4096036,8.572258904886745
166010,2577091,8.440417096275477
166191,2392274,7.8212930270380765
166941,428685,8.013938017085582
167021,462665,6.263613024701686
167200,447103,7.000338731070133
167450,452117,5.220904222730862
167610,1510247,8.665178997882458
168160,1326209,8.14822240820775
168520,2579670,8.08913852755325
168551,2381753,7.728755365340361
168981,487276,6.7441047974921915
169200,2208241,8.58442840900263
171081,2251382,7.352956685148207
171410,2391259,5.941132367303971
172571,15656,7.191247795521953
172890,5220760,7.552571412498129
172951,36221,6.363538108333204
172990,305091,7.843422925527736
173070,2078915,8.185948349718629
173121,4877545,7.693428831434026
173501,389215,8.339695525352731
174010,4552675,7.96251539774803
174190,443517,7.927230363651721
174401,2879581,7.064729686271793
174700,321150,6.983700737377413
175101,3174277,7.803374164796238
175500,2071831,5.62795588707635
175690,201483,5.70636945035865
176640,2525028,7.76702536795097
176700,1271808,7.841339546962513
176741,4020370,7.082052308542092
176750,4311490,6.193572362230305
177511,311267,8.837609450288992
177681,2471471,8.558476886465984
178071,2482461,8.247627780877945
178091,4741048,8.811605198747847
178390,2180196,6.306838122112279
179720,2273687,7.830518801629129
179830,800684,7.582712456919696
179940,356451,7.753387622388263
180750,4005610,8.696033029058867
181480,438672,7.8210062662164095
181510,2256539,6.901802748817757
182561,2277015,7.636608516729265
183081,463784,8.008986682449422
183231,1552736,8.000049426019341
183730,1796985,5.622834163229847
183860,2259706,7.714789905664699
184741,459282,8.431292617170788
185000,2382555,6.905751388086513
185320,1354988,8.234939197723401
185950,1829938,7.708622242043026
186450,162458,7.508101175835357
187570,2204362,5.902783312809337
188461,2600001,8.374485369702208
188641,481572,7.753574341611937
189851,3448510,7.689789255044904
190181,644525,7.67350370686439
190650,402609,7.8047136657099205
190900,1046376,8.117207568032953
191450,2139892,6.098235135431753
191711,4075519,7.415817379684772
191811,460012,7.635916182625808
191921,4018180,7.301152689806222
192300,2610500,7.921021906058739
192551,2476171,8.506380062113669
192641,2550430,7.964424460958199
192701,1650579,7.718208528817428
193061,215689,8.385935221642427
194640,468013,7.281125004931609
195341,2341532,6.973843684540999
195961,4595326,7.839947284686833
196010,253112,8.33797899134017
196801,2215214,7.5013662707322055
197080,2604421,7.78108941914259
197110,4673368,7.65542321059238
197441,2543439,7.669332020744252
198871,4943551,7.969462312364089
199020,2063519,8.775656056875539
199950,2473078,7.8646338079487785
200500,2340191,8.122253899854227
200971,2427627,8.14022907120281
200980,2334724,8.748254012376172
201100,2942662,6.75621250395688
201121,4025413,8.306614687917191
201190,387779,7.377674237366317
201601,2600366,8.127193291431942
201620,28498,7.102656536520734
201660,541600,7.9951936709940785
202071,166554,8.205739285968875
202151,1185181,7.859210847429284
202481,3884554,6.868516195225473
202771,3916879,6.226540095791837
204210,3228,7.902564322557812
204451,1798025,8.177664220396869
204561,145925,8.03567306032113
205040,3307879,7.461984083260506
205201,2599190,8.069123190969094
205951,625273,7.441184180033325
206130,2302653,8.01786361853797
206241,850123,7.64644052380901
206420,2438898,7.333525315683932
206570,9695,8.519112682540001
206860,2371874,8.155295330668663
207150,840112,7.788657767861384
207540,312722,3.8091805124265217
207710,414903,8.055889595476858
207751,4238251,6.529955558491818
207790,2131332,7.868451900001685
208230,2694951,7.942968966366125
208650,2854876,8.687629557349815
208760,1826129,7.756030202570544
208950,1389198,4.533995648449308
209920,320876,7.755439465046606
209971,4268815,7.947689170347409
210401,1868694,6.933161418440805
210541,561983,6.004779494082114
210561,716862,7.227961039350962
210941,2372787,7.748716930340321
211131,454135,6.933104298753251
212161,538751,7.784088696620349
212341,2466103,7.169941821860306
212350,3908170,7.075049409154445
213001,541497,7.7080196011593785
213090,2528013,7.02955887289701
213410,693650,8.113452001948644
213950,2854876,8.514181800160891
214221,2404808,6.591528064518791
214300,5168,8.2381341189686
215210,1130783,7.235848640357525
215301,127232,7.905334580244228
215510,5992732,8.787133601346802
216060,2595480,7.126891173254863
216311,355439,8.044007335079018
216530,490080,7.914876060894973
217081,2737394,4.493763935225578
217411,212216,4.643961103972025
217611,1004181,7.852631086487994
217860,4311712,7.658309170381532
218611,931342,8.013576989765959
219500,8467358,7.89537110447995
219851,4396336,6.239009886626029
219980,1277744,6.871942280798578
220931,2560622,7.681757368400722
221411,8369,5.619741235701996
221950,308428,6.729972496430672
222591,261524,5.3398121708539925
223341,1198693,8.111799201939787
223760,478773,4.632824747396365
224191,2447140,7.4098115187673805
224341,2391405,7.429356890320021
224491,2285934,7.756877212434682
225340,2368374,6.649900561998005
225600,324393,7.741495705566534
225791,2256249,7.948107651525933
226141,3442753,6.988634439970088
226491,449930,8.445972715168429
226711,3113920,7.856282467301802
227021,2141878,8.03710380368703
227091,1242,7.652966584278945
227161,3113920,8.267877147922821
227351,2141951,7.826883294033848
227440,424004,7.447661955212155
227521,2381753,7.576830229143674
227530,433138,7.842695447052103
227921,435689,7.78604006475844
228910,491287,8.42240468259803
229460,1738984,8.594751806522403
229621,374583,7.721385425239221
230450,4251175,7.070462903639495
230720,5941771,7.673750710367171
230851,5679028,7.801303065292317
231280,2912968,7.075049409154445
231510,3795157,7.964491335774897
231690,2854540,6.64502143112898
231881,1469286,8.147396473114199
232370,717,6.672355367171496
232611,15311,8.007428428088453
233250,99875,6.998389190108189
233511,19071,7.672436783809872
233860,2077927,8.546198432622257
234470,273610,7.8711585805069255
234901,326664,8.09032721295747
235121,6034,8.309138565702634
235171,1720918,7.87119245458727
236180,1100180,5.878913693373875
237030,305091,8.0814370052138
237191,5240974,7.951462615696159
237320,3758968,8.828786570215637
239110,1274157,7.811833303166259
239121,482090,7.70152230010838
239561,2753592,7.6078015373764565
239660,2145226,8.43965732658514
239710,314889,7.857710116581803
239930,308125,7.677315748430543
240031,462548,7.7929579809906935
240490,230222,8.254173423065584
241811,2927122,8.031531443674702
242281,25357,8.26262131771091
242290,504685,7.911530670943046
242550,1767667,7.27735493458207
242971,1079,7.293831317075196
243221,2576730,8.031708336882755
243501,2435139,8.135791758478911
243751,2579670,8.59525784867902
243871,18790,6.852282846546388
244010,1198519,7.930840256691572
244091,3441835,8.441478370170705
244191,2308809,8.340699489795877
244320,460790,8.084485659976618
244761,2477635,8.671750648730727
244951,714189,8.014802593462257
244971,5075125,8.319434103028513
244990,1271808,7.88302509013775
245240,471655,7.3097828676216245
245720,307196,8.331868542906973
245881,2198457,7.668535078398105
246280,2476538,7.653944692243469
246641,461022,6.911642731805404
246770,1753316,8.322069571046624
247231,449623,8.692322485018343
247851,514610,7.486770297256174
248091,122054,7.6041076363036755
248490,2464530,6.904058087083018
248671,4641646,7.063248002995217
249090,2372666,6.870719233371889
249570,763611,8.151511475552551
249630,1250114,6.986241453193655
249720,4421068,8.820482311066907
251211,3727723,8.848992170783713
251250,573120,8.411143965420083
251410,5119,7.661491493463876
251600,2473942,8.818144128035701
251990,982417,7.236488213312055
252040,304476,7.886805889308856
252550,2106490,7.818396037230299
253001,691004,8.332070771488445
253761,469966,8.15992309339902
254121,982720,8.307244545596802
254280,681470,8.014708907646204
254461,1546667,8.108126195066463
254500,2344017,8.026138323136697
255161,273772,7.871610404480346
255381,1730066,7.4181595340360245
255700,4127287,7.641389612682514
255711,1836656,8.484570378787973
255901,2378091,7.933151111743017
255920,485341,7.983701741969242
255931,2238727,7.806447412262225
256290,625734,8.099757847456596
256340,999574,8.201012875318575
256781,2286120,7.606960197617185
256860,2300795,6.681715737580489
257041,2600366,8.05964489631685
257331,5108425,7.712617340110322
257551,2297476,5.249689764181039
258471,2221677,8.351341100758368
258491,1354194,6.781862493348044
258631,2259919,7.869737783305806
259320,2450614,7.724652333405276
259450,3853429,7.170755599463633
260430,1826143,8.486062397739381
260940,461023,7.566848406756199
261340,2470824,8.21372486525749
261551,459282,7.906716134602167
262251,826458,7.702994016209483
262620,464946,7.347926317482991
262720,4029277,6.363538108333204
262760,3954850,8.151511475552551
263391,2340891,7.410944034229983
263440,229709,6.000951808136969
265481,4876090,7.910790474661129
266530,2604672,7.445208618465783
267521,2580260,8.382684491897534
268550,226126,8.38139247391038
268651,314889,7.095274300324787
268790,2409026,7.135787827806937
268861,5039041,7.795283219272579
268991,2426709,7.919892441809626
269020,6447652,7.9610814784676736
269061,6841975,7.888000108179492
269361,4394638,7.810353657087622
269481,7078906,7.435837324418551
269500,975284,8.460098419309162
269540,22695,8.410335008236961
270311,305091,7.662492116022842
270491,5036077,6.543581612681855
270750,1415586,8.093218590797473
271090,901725,7.050695903977891
271710,2318061,7.324094630802517
272100,1273027,6.00128281603672
272311,2436870,8.018502002995412
273230,1609097,8.112089132280985
273850,1253683,8.499452395135084
274771,502441,6.8972677252237515
278861,304531,5.636159951410748
279461,2856001,7.60692405414365
279580,511816,7.602972723820774
279940,1552732,7.989290040411976
280721,4757194,6.963643476228194
281471,3083248,7.97574733579692
281531,468389,8.55844544127508
282750,4387630,8.328440171987882
282941,232739,6.163775199306136
284340,4143616,7.296161892759424
286610,3877819,7.645495352917743
287781,2214808,7.661566451124759
287991,2216183,8.076647839596022
290920,493188,8.487500693555342
293591,3103204,7.478247055897927
294480,470346,8.509920290705852
295291,2291653,8.195738566556779
296740,842340,6.6738137905000725
297470,387779,6.687834274730776
299441,6841975,8.347732786933822
300190,1350395,8.111202019358663
301720,2463962,8.001957190233256
302910,1077459,7.723691021426815
303021,2427684,6.8480347392901875
304091,485720,8.683262231063594
306890,1389198,8.057712782712418
307100,1339176,6.962609298720949
307151,2854876,8.272952632836342
307791,2602455,8.319841956420566
307800,8336450,7.380095001620515
309371,1118435,7.654226582891149
309841,1326209,7.986741573841924
310530,875930,7.965588645214017
311001,4421068,8.61562731219921
311111,830798,7.651329678090148
311610,1812537,8.409765319479895
312350,916431,8.315063395896566
313011,1774131,7.719446929234305
314091,32273,7.7237985424870965
314621,2273023,7.139208305249224
314710,31099,7.727385043159414
315091,1689260,6.634120370929982
315511,328097,8.198477309634328
315580,4570615,8.153389151567044
315951,1097356,7.833030423423736
316270,312058,7.775924627775445
317330,3174526,7.303395977838766
317520,2531639,8.068851196619915
317631,99886,7.2546287440896835
317641,4127287,7.930791148094798
317881,4020766,8.040369501004301
318180,2277007,7.988799168112548
318360,672166,7.036144287123674
320341,446448,7.418890627150759
322881,1957553,8.0484649752754
324900,2895571,7.7623990402262875
327180,1139781,8.262095349038104
327950,2770245,8.534720138280115
330601,1362074,8.464058359677345
332071,364144,7.965264336448572
333361,2141878,8.246429936653488
335250,954946,6.98415011260998
336000,1281957,6.330588594972306
336441,103890,8.346150310848998
336450,2543486,8.012836912993684
337561,130794,4.6594438262223985
337600,5220724,7.726744406371558
337891,98184,5.352266343756395
339050,479829,7.13764516577056
342291,7251913,7.9444489216094505
342360,2463590,7.551813805727098
343431,4696876,7.288243418620824
343591,2918407,7.803374164796238
343620,244853,7.846074043530899
344110,2001351,7.891423791600147
344191,4731400,7.998083744761996
347090,97428,8.089693969457272
347811,2107,8.004534089560675
351800,1198693,8.08103950306316
351870,2482917,6.3858757524634555
352390,1266045,6.715633812344354
352430,477264,8.408609761060516
352700,4897,6.821810137059558
354541,4018594,7.796493914531101
357080,4542781,7.008210138773169
357260,102172,7.9472612067723825
357711,2254200,7.665703421188104
357761,305091,8.594343235524585
360751,501632,7.6994054341647145
361950,840500,8.182259393435096
364420,533126,8.322935160297558
366020,160,7.424163814231609
366901,1326165,7.11764798137114
369020,851099,6.729870423320612
369321,2596683,7.228247295848524
369890,869386,7.5805035680826105
371271,4073185,7.628430745747428
373620,2474323,7.006003535124475
374171,4336795,6.488418719856698
377000,459282,8.55382370291957
377020,305514,6.881679189659002
377540,2273648,6.412994368375683
378031,1957553,8.152145432745039
379080,4005634,7.187632852492046
379151,2528326,8.02146589757932
381051,3036901,8.039825231621688
382380,1332296,8.354646818756816
382481,3756355,7.835959603144169
384550,2232796,6.735548477793569
385211,2287669,7.893707961563632
388170,459282,8.181506875199858
389831,265140,7.533410840259755
393551,2450614,7.632578631893909
395040,620988,8.151511475552551
396281,5041,7.6026707221386305
397530,435903,8.570566795737609
397881,3952804,7.796846348258195
398641,310397,7.916570611614272
398701,1350395,7.799941995947422
399481,167270,6.989314700659642
405681,2866666,7.777927912635104
405890,214961,8.026734598869332
406191,220841,8.308388552625303
407011,1703854,8.055482115748276
407031,3739819,8.811216171249573
408351,445931,8.320437557642986
409751,309002,7.7742036438239746
410740,1923674,6.95387629914895
410831,1436216,7.763025520717628
413790,842801,7.952246969677159
415430,1881560,7.747492289287698
415581,1325234,7.8683240590381
417891,851093,4.56001687869993
420040,104148,8.320671992913695
422991,4414693,7.501694336717646
425161,2693031,7.781083858893331
426661,2525028,8.08223984615148
427280,2311691,8.08974624529921
427590,1197306,7.215896415901452
427951,2353702,6.799464778107581
428290,3465649,7.397409442086488
429401,986423,8.1827876031272
429820,2348687,8.241771531122987
431391,4552681,7.351382393825856
437220,5063497,6.596489767554598
437711,840500,7.910305942576676
439461,4396336,6.993220945485039
442670,866537,4.495676834703587
444290,2204362,7.765478737440826
444900,2467103,8.280937347577627
450700,254054,8.536147276509176
453320,5095009,7.94338682921426
453471,2131332,8.025459431833413
454630,2446042,8.12527181578498
454881,845896,7.5388367984077265
455700,122606,7.272404376438351
459390,2574955,7.569605933554917
461830,399572,8.09337090605678
466351,499892,7.681757368400722
468800,2925391,8.77899559257794
470330,2435952,7.646712993455101
470410,315410,8.59746039423672
476691,2473078,8.589421884993397
483490,2448177,7.675488001174388
484001,2854540,6.7223607028937815
485041,2334458,8.793023850169824
488121,4012591,8.149609005313586
494140,2444584,7.449623351755822
497541,2372666,8.149017541981893
501321,480547,7.317896664507657
501410,4528615,6.986241453193655
503101,2214811,7.877015873051462
505131,122843,8.151511475552551
508310,103530,6.945176656350788
510570,3534970,8.773093740130674
515560,862842,7.35394210975452
528270,1319281,8.015389733916662
529320,389215,7.155523223539622
529411,1720918,8.017822034029859
531121,2145261,7.870296752485257
533860,5165923,7.688736860692106
535410,2351682,8.168003485460414
536591,1340407,6.975415596481814
537430,2167097,6.430177814804212
537710,579714,6.575788160214091
541181,2524593,8.427842289226872
541501,2456705,7.776737808302895
541700,4182373,7.437765724689751
545040,15088,8.519848648511697
547491,1787350,7.328814290792564
549610,592415,7.101815202406559
550471,3730612,7.010480242015886
554641,2480706,7.870597738807333
556230,892049,8.119985313747058
557470,2467103,7.994376099259466
558041,130794,7.935801273276331
561951,644645,8.505828313044471
564201,2204362,8.489712612730553
565490,2577789,7.6127686605036855
569771,261545,7.032746801748749
569860,4400638,6.730750696339415
580550,2930800,7.6654568331655675
581711,1858824,8.476000608688041
592411,4000258,7.735357108417069
592451,1726513,7.560208409275261
595691,3852478,6.528131562726202
595790,3088066,6.94596078893645
599521,2312450,7.547573154915623
602600,1819862,7.593687342417095
603250,2856193,7.256472079088529
603551,458591,8.129012933889424
606281,822326,8.140335245664279
606841,2476107,7.555373416671074
607021,1154948,8.00409947162426
607681,647093,7.263226686339311
607921,4873261,8.327358299075078
608230,1679042,6.607411848805938
608610,4352317,7.866205046944996
609271,361725,7.836292243464742
609660,1796985,8.036857765855682
609920,4148833,6.3858757524634555
610391,546185,7.714350956552819
610891,282223,8.31801149203369
611200,424004,7.902132614884456
613041,2381263,7.839947284686833
613151,3730774,6.9933315739153805
613651,304786,8.12520047296535
614611,10890,8.498450252297634
615741,839851,8.211490923313786
616451,4181938,7.91733189776108
617691,3082987,6.981654947678704
617860,1625598,7.924548905016148
618120,4187119,8.177317163317435
618231,4645801,7.7554195479349035
619001,496089,4.69388989704432
620361,677106,8.5667142339706
621251,1918727,5.245137866523399
623060,1957073,4.547855408076127
623781,5221645,8.139384673536343
626500,4020310,6.957384685654146
626610,197409,5.532207155707956
626620,2375878,8.496547266026775
626621,2145228,8.355209421840293
626901,323354,7.825062137743524
627391,30117,8.325453687692201
627600,826078,8.014729037941592
631271,1354988,7.750950593556829
634101,1281957,8.208720165914563
634691,1819862,7.629136650071304
635551,2341451,8.390668581081979
635590,4421068,8.778500701032277
636831,3895942,8.513395123935934
638641,3262102,7.977162249570629
644271,471978,3.839575791105959
649060,2254200,7.013066493020904
650320,1295449,7.552609376591656
653091,2254200,8.039067627394198
657810,2599190,8.055846787982592
657861,2456197,7.824598440548675
659091,3836728,7.162987594311309
661070,33078,7.530444024809513
661631,2287669,7.564461797956245
663191,3956947,7.796943263248653
663611,2261085,8.008366928907515
664191,5158702,8.687713892644561
667690,395324,8.468016240627898
668651,2216045,8.269994758676546
668821,2600366,8.559509525621428
669080,2408030,7.69873236586468
669250,571911,7.923902997754152
671051,2344040,6.814249501805694
672540,32964,8.333970815809952
672990,2279426,7.092999406132267
673810,2254200,8.186418446928805
674130,873287,8.231147828437775
674560,281919,7.851489906016967
675840,5186470,8.240560575896396
677571,2283303,8.352604514340014
677861,2463719,8.175871420527198
678831,7303735,8.786695649290806
680751,4304347,8.811216171249573
684470,2157809,7.738475922605934
688751,2349047,8.115581435533338
689031,2334513,7.540243063012171
689800,220837,8.075666286604084
689920,2217790,7.5346524173880915
690410,1956164,7.739655900722282
691860,2952271,8.585151672620809
693560,272183,6.358829595632334
694711,244328,8.065235873672002
698921,2759493,7.377980919035667
700080,1350395,7.820963045895552
701710,454746,7.731772407239949
701741,1098150,8.396695885081224
702890,2460999,8.017392433584503
705010,1383813,7.5770945279419575
705970,5332672,8.013741413298517
707710,2236358,8.466481584978398
710520,2207103,6.5790218521368
711591,2224056,7.999244650980958
712201,2599288,7.6424221054517565
712770,2438238,7.836312270936421
713561,1123680,7.758196774606572
718180,2409026,6.926487023619278
719751,2248860,8.429619480765215
719870,7739588,7.072899209334847
721721,1897536,8.284331696135427
724531,839851,8.09870602679818
725381,2909287,7.6424221054517565
725831,2575584,7.726007292939666
725950,120846,8.603001931805709
727991,2930800,7.725454032902761
729491,1280602,8.17778904339244
729670,1721523,8.494889538731355
730391,2473078,7.809601760625764
730411,5690488,7.555432905355234
730921,2341451,7.892398745798696
731961,1786160,8.144285253096259
732491,19038,6.565883871714039
734061,2212447,6.174716231222147
734701,1819862,7.786651721335823
735140,36960,7.88944116126754
738251,3758968,8.77899559257794
738521,2141951,8.04749070541112
739601,1330525,8.767521425066096
741351,491287,7.918303033427857
741400,2123069,8.584637732782474
743321,218103,6.1025550058770985
744050,1345763,7.5056045526105075
746141,196603,8.52841863513787
750520,2327753,7.362691500659153
750561,2338877,8.025583311366674
752741,28642,8.177465432328122
753661,2988286,8.312869414983723
755140,2423293,6.479626556758238
755491,1941429,7.921525481336833
756470,4300483,6.193572362230305
756500,6299320,8.31173267270318
756811,2251423,8.028237985068014
758760,584,8.170016643064761
760361,2431816,7.630965628410967
760761,2993428,7.861776367064685
760920,2575023,7.533232025700537
762011,25357,7.095926693782387
765261,2225151,3.817472917798321
766471,1240867,7.6449125193898295
769220,317,7.969681023356133
769600,1674094,8.30651478914739
769671,2128059,7.7711320306392215
772100,488981,7.581893936404027
773891,7102447,6.297975980929323
774041,504193,4.542123519906042
774471,1338152,8.758529232975205
774520,1730510,8.344881982834025
774540,2254714,6.9625050065141
775160,2348137,8.181930157094397
775230,1923818,8.56065736045029
775611,433856,8.047923943248529
776040,9427,7.642267161631789
777041,4227847,6.794288282286632
777771,2539301,6.429852081304933
778061,478939,6.2414416809509135
778790,6039676,7.6190881400199055
778910,5321515,7.663956324680617
779190,424004,6.770098281938119
780210,2893579,7.255893714104986
780260,1204668,6.941235779411084
781680,2588406,8.318956494672625
782291,4621750,7.783787970389774
783170,2595422,8.046254360158674
783450,2449615,7.1626323915955545
783741,2470650,7.443169434670991
783881,1363237,7.707782354835279
784401,1446974,7.902664789110616
784561,2286863,8.366615641411196
784610,479829,7.214028852023596
785721,4421068,8.778500701032277
786150,130794,7.873144501720809
786711,441119,7.4101721529287685
787190,719748,8.442210437274136
788021,125912,7.5981029909166375
788380,2113879,8.233182676380085
788930,4782199,7.755871106668648
789131,493936,6.931415233503283
792940,24606,7.620658993433928
793261,5142181,7.875957323516918
794031,2606099,7.990370840268758
795071,2879581,6.8688300733889545
795190,2444108,8.44676472345926
795820,2390160,8.496262040344009
797031,323172,8.330723184416925
797460,1281959,8.560073549287209
797591,4199539,8.328285697867312
800180,9746,8.482730972277082
802750,2234272,5.465969379219599
804960,4860706,8.278532932179498
805021,196603,8.580580497317488
805161,2525634,8.020303310406222
809271,2424823,7.812003213728016
809970,1197767,8.271994795843366
810131,551368,7.545294005646429
810251,4967446,7.69873236586468
810290,1240867,6.686542938637462
810760,4741888,7.348629187416114
811770,1933059,8.243886802085566
815221,463181,6.097063062829992
815280,573666,7.990086321784881
815641,2599190,8.594520173672617
815890,2604421,8.028453910958595
816281,4659631,6.358829595632334
818641,321186,8.075721218280249
820281,123435,6.550864506918213
820320,905945,8.34723842095209
820731,455374,8.035963597788262
823370,1723866,7.556350497651268
823431,3693229,8.836405635820372
823720,2231609,6.621560066500222
823801,2540482,6.154511121478644
823991,2866666,8.299642853454325
824281,2482868,7.714789905664699
825111,2191583,7.433793989402901
827040,152915,8.013890327462317
830610,1902534,8.4451316550887
830701,2268254,7.651329678090148
830940,13295,7.684830615866709
833321,2324521,6.626096367562986
834281,2371625,7.504493959430747
834720,4528615,7.2677632994374886
836160,2864224,6.935923451821367
837040,1609097,7.7679688287634585
838631,2197478,7.9971576215811755
841531,3834205,6.931868235767918
842821,1122607,7.883160821589703
843591,5146285,6.95984706221802
843750,2295424,7.635969929183997
843871,3160264,8.316768708954578
844360,690802,8.150550724025285
845780,112373,8.445364036885254
845880,2580152,8.462156592827476
846760,520845,7.65715844506477
848261,441905,7.211431289112018
848471,3796639,7.42588210653307
851971,8467358,7.31792439910863
852091,220837,4.958043895307562
852350,445212,6.91320947594031
852610,261647,8.836405635820372
854741,4582966,7.693428831434026
857010,2485642,8.051430966957037
857030,1239169,7.456038522130053
857501,2575669,8.064684556167549
857961,532849,6.550510671962958
859540,2588406,7.655547201633772
860370,3095038,7.85973373920793
862191,306116,7.630965628410967
863141,3693046,8.246218917821995
864390,2571359,7.5294131572417715
867151,114116,7.476280935744111
867781,2525634,8.227382206446979
867791,8467358,7.713026466667835
868231,877540,8.2149859687166
868590,386964,8.066027745404828
870440,1227904,7.655201049146784
871370,2254913,7.66703908396781
872411,2214808,5.835720505829658
872780,3449974,8.33940961290867
874990,2429099,8.768661413153513
875420,466560,7.560168601411046
875621,452668,7.278487614071204
876390,5252320,8.039851581041848
876990,1202394,5.710296847952968
879540,38618,7.733315204551056
881831,4421068,8.789403860434666
882111,1100180,8.197738194019479
883471,4421068,8.791654288469001
887281,1609097,7.527710384146283
887541,449150,8.111699783579686
892170,481608,7.684350495339929
893191,195024,8.595752968343161
893761,465230,7.86482430031535
894241,2448177,7.399439561005086
895380,307583,7.896187666358612
895461,863676,7.468040251898125
896040,420807,7.344446962623199
896601,314889,4.919175160664968
898531,1117456,7.773984381347388
900491,523498,8.827036938546483
900751,168292,7.835960025010297
900950,198804,6.872251691191585
901340,877575,8.27644079800651
901430,4018180,6.882476122550298
901700,4177156,8.226833922446733
902210,309421,7.952621398881891
905671,402609,6.4616260578015385
905741,5630,7.226937823680385
907360,857579,6.675504313324973
907460,305222,8.726487247343314
911691,3989056,7.942868420922692
913070,3905386,6.21522277258558
914150,3006487,8.760499950534948
914941,886105,7.645947628428064
915050,465224,8.378859427500158
915351,314415,8.692911822674676
916900,2372666,7.779739963486929
917090,1056685,7.824630261707062
920580,2550055,7.547390140075643
924361,2248270,7.63930169048502
924970,447400,8.131506537985741
925151,2301271,7.4903157795940025
927241,801289,8.320437557642986
928371,564064,6.388948999929442
930081,2474458,7.0813355812462815
930101,4420918,8.001748800621161
933211,2337097,7.9043569904409665
933500,2274542,7.399454790580863
933791,4770895,8.080953990351222
933820,3913870,8.506726327305033
934820,2486212,6.485413895627013
935880,2229477,7.995690125514669
937040,572963,7.659973996378524
937450,699036,8.63531616823589
938690,305151,7.830228069207169
940701,2180196,7.779739963486929
940830,1266051,7.96251539774803
943181,2144938,7.129457216034923
943660,2476507,7.716280762839233
945941,3773965,7.756031917432742
946170,4018180,6.353717240379299
947630,2463604,8.14718973015577
947861,426367,7.843173420807053
948371,2752472,6.972028984810805
948430,2102504,7.970755739363528
949170,2160485,7.537837910637461
949950,1361273,7.937688367136725
951400,1670003,4.9217752727099375
954051,2425171,7.41441456996617
957940,1309614,7.705951036609085
961890,449381,4.8892092469977335
962940,2534924,7.719128251760447
963341,2534924,7.879238510416627
963970,1753357,7.321427260806862
964111,722868,8.36092372279771
965600,234493,5.168466061668677
967050,2423307,7.82975749285402
967381,310624,7.834011639057016
968211,396779,6.427204302730304
968581,1928144,7.7353027717137675
968730,319756,7.984317986116545
968890,2342927,6.817632793773883
970980,2317712,8.159736704476861
971561,200487,8.01203337253323
972600,2770246,7.956152064969781
973310,2407015,7.7243783125442285
973721,2439484,8.158490967843935
974951,3182068,7.528335392253829
977951,31099,6.195772091397001
979461,433404,7.965588645214017
981460,380428,8.073197017364635
982680,2133453,7.534476565869776
983410,3174526,8.503878784115452
983530,282916,6.358829595632334
984360,648708,6.303388337412495
984381,281919,7.691379647360787
985070,2167310,7.833501262006658
985370,1770494,8.163182938585855
986460,5168293,8.573847239707685
987321,310397,7.723860975225824
988391,4233082,8.088994594546968
988921,4149298,8.774507194490624
989920,1336574,7.479940302117463
989980,484495,7.9242689420374
990931,3843706,7.127629557623394
991141,588599,7.297106291155929
992020,2551767,7.830411256676201
992240,1556180,8.732925749849386
992420,4233130,8.41185090090131
993960,2301271,7.864753851019208
994150,500241,7.174854347128012
995000,2430664,7.942044062063918
995151,3848248,8.334337791366462
995251,2470125,7.837777765694025
995361,1703909,7.619785120601711
995651,2348040,8.567132684299184
996391,4000258,7.58000537788354
997340,525338,8.470758834049642
999171,3113920,8.171666198133721
999720,4783621,8.266955400670982
1000230,327614,6.675339967048384
1000360,662256,8.18870719384402
1001671,3741781,8.158490967843935
1005021,620289,7.96251539774803
1005571,5917402,7.950354564421344
1005681,1227904,8.043226078779426
1009840,33078,6.9369616544388135
1010030,2374653,4.53851084620714
1011381,324395,6.957454477955175
1011611,306399,7.156102929828571
1011810,324966,4.567521744108553
1012170,3996787,6.9907516970255505
1014301,2390160,7.785577759960091
1014420,2473078,8.576886876103785
1015811,1280001,4.57336472535757
1017531,3113920,8.558901764945869
1018520,2373399,8.321233114213394
1019161,451550,8.320976675367419
1023461,2325940,6.364568237172256
1024460,3593485,7.97549612963481
1025461,25357,7.594613600084054
1027180,2753592,7.695970531804859
1027971,862842,8.086754290812479
1028271,1301404,4.467878257167036
1028661,2420390,8.627013363289354
1029071,3442984,7.519961676392419
1030971,2141951,7.892104901347304
1031091,1923818,7.930684635615651
1031171,2341532,7.556072490996517
1031881,563371,7.193989031783846
1032200,310604,8.492824810129852
1032691,1118435,8.079582589179946
1032841,3001768,6.815618303218207
1032901,3174526,7.709571770697531
1033460,2321956,8.514317501014588
1033531,2598359,8.670315973028373
1033630,1856623,7.15839662622041
1034341,1303351,7.7896165587734405
1035510,2353702,4.573216096934816
1038241,217687,7.803374164796238
1039051,2603159,8.242740511367295
1040561,431399,6.949538236464432
1040660,1222953,8.458750500238686
1044831,504193,8.108851757667264
1050920,2463176,8.273742082509916
1054781,2427616,7.068521592616403
1055350,1462245,7.816761059158085
1057790,3776917,8.001156992227983
1057960,372749,7.848735899238025
1058880,1281959,8.156714779753424
1060421,2186796,4.361436729505182
1061050,3834925,7.4642626776180006
1063211,305851,6.4145916459193275
1063601,693962,7.715876001466522
1063760,2251427,7.747589873016014
1064071,610015,4.750111794754841
1068081,1724836,7.703963951577059
1070571,1593466,8.495502103599621
1073851,3920092,8.776423443498604
1075671,4755325,8.651261404639055
1076141,1382966,6.993220945485039
1076530,498997,3.840018925944349
1080820,2303346,7.88662395058131
1080981,1379172,7.9376898183415205
1081941,2694951,8.13566940124756
1083040,1098150,7.494715148495851
1085330,2240355,4.495802697210398
1093451,2311691,8.510223788682943
1095490,2288708,7.677025885630843
1096960,2406619,8.343558378097523
1097510,388401,7.685959130451871
1100610,2214308,8.447910317054452
1104931,2537878,8.627702035004747
1107300,436461,7.662123621185194
1109290,316533,7.332816555496348
1113380,672664,8.64085276800721
1115050,2177258,8.775901321446893
1116241,476688,8.417706559639281
1118140,3262102,8.118956569805826
1118401,5000191,6.902170632384167
1118461,2575827,7.258454895121163
1121461,3011713,6.80800929260177
1125980,219684,7.5107202163166304
1128941,2694951,8.023645803992409
1129990,312223,7.737154768346835
1131460,2548408,7.708673764750006
1132140,113462,8.793476297196394
1134671,450096,7.986512274280494
1135931,2205227,7.866399813933552
1137901,4421068,8.763821871895173
1138710,2192677,7.3614832673520105
1139580,572338,5.638387762835092
1140201,614887,7.616609698158789
1140211,2234008,7.075297254528092
1141040,1799746,7.979874775606321
1144631,272375,8.078233409190052
1146140,3605146,8.696584133632966
1146281,556509,7.835872364303479
1146961,3723772,7.989173841979319
1147510,191793,5.3724311563498555
1148181,311412,8.036857765855682
1149980,17686,7.071397717905572
1150001,1208914,7.134552403626906
1152440,1928144,6.997472864304885
1154321,2459218,8.548337258627742
1155670,178836,6.579910465914305
1155691,5135062,7.685351037516924
1155730,2220416,8.333957841988331
1155841,2575859,6.090456723574405
1155950,1796985,7.889726402910935
1156160,424233,7.812045542025384
1156470,3901693,8.67577053334562
1157141,1363237,6.843981738528528
1157810,215689,5.479187459359246
1158501,2463719,8.096407255883635
1159090,2243421,8.768082891874483
1159131,2591961,7.473492301322426
1159930,445334,7.1690483422255715
1160161,689461,8.495063359101614
1160891,1306528,8.199488536577231
1162481,975284,7.545134405053095
1162851,2221524,5.8623498776875405
1163201,2970109,6.3888106713524975
1163691,220841,7.414111619619487
1163761,876143,7.8605608658282895
1164140,312223,6.876811304509652
1164521,2287087,6.581619349593289
1167181,2236294,8.157198048601408
1168320,30117,6.973659091838298
1170300,2591631,8.021683860162122
1170410,2195097,5.641944486471996
1170750,1766131,8.409076470109767
1171040,1593466,7.718400545828201
1173301,2592020,8.271014853221448
1173360,327556,7.743971612285253
1174330,3758968,8.766262370371374
1178630,718924,7.407450890301712
1179251,2226617,4.362552057827935
1179571,1813651,8.476704210012247
1179601,3956962,8.013981328430209
1180470,2200455,7.70540798129537
1180530,8467358,7.30429503039702
1182391,2452376,8.811842368148424
1182601,625273,6.5690359425932145
1183070,556903,8.472582964354471
1184411,3776947,8.676855193934461
1185510,2248720,8.069029160876813
1185671,2587281,7.920540078085219
1186400,2460379,7.117289287627095
1187571,4199350,7.093833968695537
1187620,6555745,7.970520604718811
1187630,2390855,7.685245375062559
1190440,29649,8.004627126669183
1190761,33981,4.490346327974723
1190890,5992732,8.787133601346802
1192120,2348137,8.547248651540139
1194920,748998,8.837609450288992
1195590,466560,7.552151686051791
1196551,2575859,7.66499853701742
1196710,625277,6.502066233190541
1196951,3713641,7.413278777673918
1198441,2574955,8.442668358043793
1200741,2575455,7.307894332301296
1201800,281659,3.8220511001375175
1202631,387779,7.859624249486223
1207111,2209477,7.539422890250517
1207310,1957553,8.353972226182961
1209840,1730176,7.5272642574108275
1210461,2149094,7.920622623277807
1212391,2335521,7.311432872018164
1213321,1785776,6.58206208519241
1213490,1759372,7.781586445124474
1214591,3912373,8.012580351565623
1214811,4210483,7.290385214447005
1215181,3796639,7.845839362124864
1216370,983043,7.957442713248377
1217090,1224463,7.868843629932183
1218610,5081857,7.685351037516924
1222301,1098150,7.77428119613366
1223530,2259490,8.59209368926449
1223981,473924,8.139370079543085
1225881,2608564,7.696883601442209
1227581,840500,7.864068052330392
1230391,2214305,7.919253871160026
1233631,235965,8.493315504948695
1235511,665181,8.15239743799952
1239211,1000901,6.491144694146206
1240041,1298393,7.618152532749393
1241760,4560877,7.740176322372497
1244101,2195786,8.41298260205063
1245721,4734631,6.729751526174951
1247220,327248,7.949710107539975
1248770,2461005,6.985248616794906
1250291,1960625,8.015667346112238
1251181,531276,7.981148746789096
1251800,3011713,7.988705492760787
1252051,2106821,7.774902003858616
1252360,2476128,7.203014075195814
1252671,543992,6.266213630364101
1252751,1947821,7.680483763040823
1254890,2295644,7.611714672721204
1257011,1138929,8.577762197961613
1260621,1251577,7.073372419627317
1261590,313514,7.128890583483686
1262381,506211,7.413390730002605
1263631,2577789,5.974506921836915
1264360,1296115,7.656201014867976
1264561,4618810,7.474086234217059
1264600,4300666,8.335363506045859
1265410,2531639,8.299936133085627
1265770,3109825,8.32698075307776
1268011,128769,7.785203790034558
1271450,891921,8.485095593718757
1273211,2595339,7.907356430247968
1273760,2146606,7.3512762797377
1274750,2527562,7.773045148517766
1274810,492070,3.83218117227108
1275850,2251423,8.55510100521788
1275871,198007,8.751458231122404
1276181,5273482,6.9942466601644355
1276770,2101235,7.324083360087965
1280891,4096822,8.32036237807078
1283621,2351675,7.01277449625888
1285531,2260524,8.00559023371452
1288051,326664,7.989684687651783
1290401,221656,8.059111265602684
1291861,4292860,7.051953699448059
1292020,2980093,8.525543311478533
1292811,232739,7.519606037780305
1293251,484472,8.665178997882458
1294111,445922,7.8723119677632125
1295941,2209477,6.037381831941744
1297850,215815,8.271937412262234
1299441,188566,8.700608585980438
1299500,102678,7.628833236608263
1299730,2425766,8.833418651300768
1300040,877888,8.111721123741125
1300051,1739614,7.473746867951307
1300360,1817498,6.625154777629522
1302971,854313,7.734722390760932
1303291,858245,7.29523739796811
1305741,1119822,4.509059218724598
1307320,6346183,7.736801097858631
1307891,312069,6.988321864260893
1309291,2571359,7.2276927168987815
1309461,1454145,7.045863913522639
1309671,20,6.885750741681397
1309711,4210483,7.6138947707380265
1310160,2251382,8.111234754056042
1310910,492609,7.961711096839319
1312831,971053,7.410798159143361
1313000,4419994,7.723464011001444
1313520,2534924,7.985730471509647
1314121,2057758,8.067390558621785
1315860,4032,7.305544023638705
1317021,2551767,8.174237241521404
1317200,448008,7.327218063540106
1317621,327451,6.994076438245339
1322540,1889060,6.8339654427174255
1323321,18628,8.53604328279845
1325220,4712302,7.7892298372734965
1325591,1808250,8.318839984679428
1325780,2856193,7.610628651050058
1326331,4583689,6.927406439653969
1330390,219553,7.776330260541221
1331120,625734,7.24972035741287
1331750,619398,7.75946477578485
1332500,2886694,8.731195608761185
1332771,219168,7.258482215096233
1333630,5061274,7.846289116168305
1336590,687266,7.762086464517092
1337641,1679042,7.780263983985192
1337990,3959158,8.348441157644348
1338141,885900,7.169916580928398
1339420,2133453,4.96640170465881
1341161,2444717,7.921108609837463
1343881,1214445,8.263430231292677
1344480,5014516,7.781391810927787
1347441,3756355,8.169873620764355
1347671,2327549,8.266620628589932
1348250,1035814,7.994783661205904
1348580,464417,7.37905458159368
1349220,6841975,7.249272664009111
1349531,6259327,8.857167002780317
1352990,5077927,6.398010599568845
1353860,3026,7.890688308758401
1358751,2369247,7.799912091075536
1360981,420807,7.49845372212711
1362241,498948,8.213261802180728
1362450,486698,5.1093434471839005
1364071,3713917,6.250402038762306
1364570,1351759,8.606792680388676
1364741,2482461,7.8718071016820685
1367271,186343,7.658749904370409
1367631,4197580,7.996709591372468
1369131,196603,6.323189720021168
1369150,986032,8.439207479728527
1369451,2236451,8.692354742075432
1369500,4421071,7.629660792718201
1371571,450195,8.369051447367733
1373260,2542794,6.940572004863785
1375761,2452390,7.758842272833174
1376501,5076685,7.256396513319138
1376970,1649658,7.090628720346711
1378351,2573241,7.903634770525261
1379311,1198693,8.00864674127994
1379331,681470,7.905333981525811
1379820,106874,7.308097679552864
1381710,2290118,7.669251107765714
1382350,2587700,6.7216949507710435
1382470,508630,6.569477540830241
1382510,32520,7.101766846210668
1382630,4563736,7.305913669962068
1383090,433704,6.34113458282376
1383681,317,8.586925963384617
1385271,2936857,8.284296333818252
1385881,848253,8.641840733210396
1389220,264319,7.325365105443315
1390490,2404810,8.774776341351872
1390571,2236358,8.176427170937911
1390860,2437237,7.656988793853434
1392700,4801726,7.689762575371502
1392801,2351675,7.722251096679466
1394150,2309327,7.515153220763196
1394761,2546313,7.807915783718505
1394890,2104285,8.324773915925359
1395251,4255930,7.657996594672337
1396491,2334937,8.634417573135556
1398060,2311845,7.457753445427611
1398300,2214811,6.668312420818905
1400371,2364500,7.644915201578023
1401100,786350,6.882896961105268
1401121,145975,8.126137261430562
1401661,2157823,7.394478293932709
1401711,478660,8.2687520329305
1403360,2216349,6.576063855657557
1403880,1121649,8.3416221976809
1404231,2391259,7.809479642765116
1404340,454352,7.816196555449164
1404440,2467065,7.197582700900048
1405141,224489,7.276953387326049
1405220,2209477,8.043459283720994
1405421,4760008,8.32156973810436
1405431,2460999,8.26387052386357
1405610,476845,5.031422983990106
1405790,5123986,7.811379371767019
1407560,2186305,8.027265765886485
1409571,2371625,8.438570844807506
1409921,321157,7.919594174585229
1410061,2598546,8.500151478038319
1413000,380428,8.32802971552416
1413740,2303477,8.063632175000604
1414981,3954634,8.53556611110852
1415981,463181,8.121756109003679
1416990,4678459,7.930935858619589
1417211,2354461,7.4327489989549465
1417341,2539322,8.314722367746723
1417360,2311921,6.687757895426736
1417651,309706,8.233448751293555
1417921,1016104,7.734628508119883
1418051,2433623,7.776554947142234
1418730,431507,8.403830889947253
1421051,1135392,8.75601335671799
1421340,2855884,7.804993600281795
1422000,3534874,8.590620566235792
1423311,2587281,7.954862466795655
1424420,2695924,6.957000796798655
1424641,2309527,7.677010105570928
1424670,1296115,7.975674957320762
1426600,299314,7.401135319180339
1427121,4301413,6.988321864260893
1429970,1285422,8.762486473564291
1430660,2261392,8.113383920128184
1431260,3790435,7.650427887752067
1431341,1609097,8.497961395460482
1431371,2388500,8.440434656618635
1432000,4183999,7.782431685547598
1433200,2213967,8.117250492153389
1433441,2543486,7.985265395544121
1433460,483655,8.147771065169986
1433790,1249436,8.004396853972372
1434091,3774040,8.621400493237
1436830,2053462,7.121228518959229
1437721,317097,6.565693494979212
1437811,2540493,7.261383184161044
1437820,3061525,8.041251399612992
1437880,4637704,7.685351037516924
1439711,439932,8.324773915925359
1440250,1796985,7.784288504457653
1440310,3262102,8.569762983277965
1441160,1717037,7.2714048989343425
1441230,2390160,7.429740111832782
1441661,696139,7.685351037516924
1441730,2604995,7.4084787621835
1443380,2551240,8.172535272493999
1445290,2092314,7.115268414985076
1446781,1362837,5.880515223526563
1447151,1318253,7.261822352194383
1448061,1296116,7.156805389803404
1448111,545762,6.624044471324226
1448391,1679042,7.508564253028452
1448400,3881791,7.382357868383847
1448410,2029701,7.685351037516924
1449110,3847987,7.8817586296665825
1449130,1731131,7.684683933801524
1449261,2573197,8.135492411362362
1453551,1376069,7.440935662609291
1454440,1240867,7.90816241459174
1455220,4614520,7.685351037516924
1457031,931342,7.120613369965404
1457210,632089,8.084525722429824
1457671,2356546,6.212318424704617
1462020,2092282,7.826919688213186
1464240,840500,7.9148544835474
1464490,444586,7.421750639476896
1464711,286907,8.39185856364196
1466361,496089,6.758262521634467
1467300,2291653,7.872587608556411
1467360,166897,6.639268285541293
1468191,1360858,8.022650432052087
1468701,4580896,8.324773915925359
1468930,437626,8.000563386575054
1469540,503972,7.12913723033422
1470600,1332296,8.594325891492796
1470720,2333000,7.926542851045976
1470991,2466110,8.710153634539676
1471970,1918727,7.9620257416902485
1471981,2368558,7.3893353923762755
1472060,4273081,7.818480652564638
1472460,2145027,7.883383171412949
1474061,313148,8.1814886908561
1474801,1093633,7.819362268396712
1474981,2518267,7.872406479162353
1475901,2372666,7.762990338475064
1476930,454352,7.1048583136182994
1477180,529,8.445889000472176
1477211,2231328,7.510783706001892
1479041,438402,7.788425810021808
1479251,100691,7.715215470219018
1479380,2249514,8.00577223489979
1480231,5264873,6.94877032546699
1482680,1079,8.137459650147486
1482690,36960,8.588140348344544
1484461,4664971,7.811379371767019
1484781,554183,4.67682009962801
1484841,2215245,6.640936217215452
1485391,305936,7.551464814749311
1486071,1382181,7.969235805680179
1488320,119518,7.667694237069476
1488600,2553404,8.173015345663229
1489361,3893602,8.844928786542122
1489670,6609733,7.182782459902569
1489861,1360858,7.89470915336664
1489981,971769,4.563357007961654
1490940,33078,4.509525812515602
1491431,235066,7.732543330759264
1491711,632207,4.508665042476106
1492231,2180196,8.043618226001616
1492650,428685,8.184495638489416
1493080,1169490,5.866473734837158
1493190,5233591,8.329465886667279
1493771,2324419,7.924494683820174
1494260,482423,6.269042762211664
1494950,2368666,8.185931253479367
1495350,2274542,7.662752925522587
1495721,2579670,8.038452294576732
1496471,2372666,8.043618226001616
1496881,554261,8.50365448620732
1497101,248926,8.352431960560299
1497630,2299015,8.099208408867351
1497671,2878405,7.175366301953043
1498010,431508,7.363166974998599
1498091,2357393,7.242742220028812
1499391,397752,7.542633303118278
1500380,25357,7.506787971385987
1500581,2219783,8.191371001243969
1501960,573120,8.556405843337087
1503951,822326,8.130619879730643
1505120,5267215,7.689762575371502
1505980,2438727,8.763023231609074
1506831,251144,8.592147070159436
1507420,811226,8.167648094145742
1507520,2290898,8.501229245389842
1507720,2429844,8.360484385717863
1507721,2897932,6.374995218045847
1507741,2548176,7.836624092539938
1508830,1345195,8.334174399368148
1509240,2524799,8.333809964822228
1509741,4310110,8.155105144668752
1513781,4563736,8.214602301526739
1515090,1035814,8.460918840851477
1515541,2291664,7.779627086243108
1515630,519201,3.8400162569186533
1515711,853529,7.048808610965946
1517321,2285402,8.10479557906979
1517420,504193,7.563081093533995
1517681,1118435,7.509563989372696
1518311,460986,6.5537355530711725
1519820,2878915,7.555235816135975
1520570,2524593,7.755431996474776
1520791,2462632,7.641521764636673
1521081,4783177,7.689762575371502
1521251,2470824,8.219747258626287
1522420,1814735,7.988284364898611
1525411,1802662,8.169456198492849
1527060,4421068,8.798852189809152
1527730,4851751,8.172702260154336
1528030,3465547,8.774923561274434
1530070,8369,7.563877803748868
1531440,1930121,8.204367057187493
1533610,5012920,7.951338736557353
1535390,2349719,8.104306018248003
1536321,4096096,7.987180549692429
1536520,2537878,8.324388186289758
1537471,2370751,8.606737059044532
1538311,316274,7.929033782132705
1538650,3917047,8.038923429103194
1539150,2254913,8.047918101567113
1539881,2225251,7.939791974097072
1540201,451874,8.330951968191279
1541801,455217,5.443120345921127
1542771,4771741,8.014180831503634
1543281,2576915,8.286485276870346
1548481,1208914,7.88453548714645
1549340,4393012,7.660977422360495
1550591,1354963,8.836405635820372
1552271,2333366,7.2583795979957575
1553480,4629616,7.964577709164977
1554990,30117,7.675126664089984
1557120,2524799,8.499647615199022
1557921,1804972,8.690533827644881
1560980,2311691,8.589897191450852
1563050,1796985,8.503389669898267
1563751,660725,7.821288103059156
1563931,2595425,6.9989386309063555
1564120,2649388,7.906057820037385
1564181,2353024,3.8179133836110153
1566240,389215,6.0163307333418885
1566550,443466,7.895492449901707
1567150,2229477,8.358896624511148
1568240,4575052,6.955734415116086
1571630,4298218,7.696324841082315
1572411,486700,8.348747156370337
1584951,1957882,8.188054868706924
1587291,2359505,7.53430287299076
1588500,308364,8.448534645574414
1588890,2375018,8.010655697628364
1589550,445922,7.991111359543792
1594840,2365720,7.811494975752267
1594941,4173142,8.558476750135732
1595450,1726761,7.95103149925647
1595790,2854876,8.490529495122761
1595990,170727,8.17890900796178
1596501,443493,8.111999311687468
1596710,822326,8.526027201224059
1598070,4421068,8.791356444961306
1598890,2102504,8.496494682628942
1600751,6892,7.843862108861712
1601470,661824,7.288771084543753
1601810,318745,8.686314576418813
1602451,1918727,7.572674003504972
1604570,541088,6.945697078001003
1604710,3116707,8.701077145557395
1605811,2610042,8.263663434915062
1605910,2926774,8.836405635820372
1607631,521290,8.239947122966464
1608721,1097751,7.811379371767019
1610351,4812754,7.5895368519143425
1610701,6053000,8.724756300621257
1612551,692537,7.536502517573019
1613280,2146606,7.852385378914513
1614061,431628,6.724913147955609
1619631,887229,7.379176071605709
1619800,2424257,7.562519421974836
1620260,557670,7.998545380236162
1620801,2189592,6.268461200322337
1622980,3419017,6.445280168969803
1623800,2587281,8.12002338077449
1623830,2288570,8.23862152416265
1625550,1122175,5.108694903129925
1625810,4943719,7.649089022033945
1625900,2215214,8.21695979829307
1626450,28302,7.6759575477425015
1630370,4005907,8.014180831503634
1630920,215689,8.002660137118077
1632391,3307186,7.793886258866617
1632980,3959167,7.1956685166934236
1633870,4411279,7.684037919630734
1633891,1382207,7.923464442632287
1635270,2453142,7.933900786291635
1637121,1083882,7.413522814427731
1637480,3956962,7.2709971951826615
1637661,2199464,7.9730197756410295
1638111,617505,7.5941491298686294
1638360,3706999,8.155105144668752
1639100,2666484,7.717748629516399
1639691,2730494,8.21469877033522
1640210,2599190,8.384301544704265
1640501,2537878,8.214730591493607
1642210,668088,8.728274561642674
1643330,2575023,7.2423414096582714
1643890,168799,8.364708848905055
1645400,16205,8.240871572186379
1646200,558522,8.329465886667279
1648770,4393285,7.197582700900048
1651460,1229470,7.781308376054355
1651810,473707,8.594382987567927
1652441,2317643,6.880002881698302
1653110,2548806,7.925152972067157
1658041,410990,7.91257415447154
1663530,478706,4.515075709149887
1666840,2603872,7.962108581473087
1666921,842833,6.770256834616
1668090,2289515,4.530828098928176
1668121,891910,7.735950667320097
1668440,2470824,8.605825005639812
1669720,4676179,8.566471096160994
1671030,1947821,7.73435974346624
1671091,387779,7.55857483134681
1671280,982766,8.183681248377312
1672401,8467358,7.31804070422333
1672711,4137295,8.065028192125526
1672721,462830,8.079101856657783
1676060,4177156,8.550487445762002
1676301,24722,8.103286593154657
1677560,303969,7.628391928482553
1679250,4370617,7.685351037516924
1679311,2366597,7.506866357091187
1679760,4606522,8.018592369358212
1679811,104220,8.303371182579346
1680741,2599190,8.236091508302152
1681540,2599840,8.323435625536767
1682320,468389,7.899013647749792
1683161,3778957,8.574223493479673
1683331,2381753,8.339449085087718
1683601,2207401,7.681229587590858
1683901,531784,8.110928842904624
1683980,478202,6.469771935222096
1685081,238458,7.671949229083837
1685460,30117,8.288187537462427
1688860,1306020,7.606821256755977
1691231,2407015,6.8132964986433455
1692390,492982,7.860797482311405
1692400,5321542,8.702950256125252
1694281,476483,7.272746732607914
1695150,660725,7.439957146471026
1696470,2141951,7.901132529473199
1697150,2062582,8.214730591493607
1697421,2477640,7.452770846459779
1699991,251193,8.017556793075238
1700130,4632535,8.225162228669582
1702230,4819381,8.345597578420518
1702260,2592379,5.9685196577553805
1702730,619503,8.755736430491204
1703280,2297476,7.744225767709086
1703590,4621582,8.323863435339824
1704110,4421068,8.754521518863477
1704291,1035814,7.596718381684592
1704610,4673368,6.736183436744549
1705741,1285658,7.083153322102543
1708930,480807,8.867992636339103
1709670,463181,8.04722729440721
1711960,463181,8.551327781310789
1712810,566074,7.883560580997113
1714200,5052328,6.368131952845408
1720721,4127047,8.59429814700627
1724731,554261,8.230988810633274
1727871,3720946,7.704970839790055
1728351,2186189,8.517903208219163
1729081,4583518,7.816031809654602
1729311,2550423,8.01962000350257
1730220,2459173,7.692066411470738
1730730,2371625,7.671712550977693
1731890,572338,7.451509311488908
1733851,2530551,7.923954164612469
1735911,5061001,7.685351037516924
1737920,436798,7.583498183932583
1738921,100089,8.722846886823108
1739161,4173142,8.513416752124408
1739701,2406341,4.615226306964325
1740860,437626,7.518927959801889
1742070,4268824,8.821211172334248
1742101,3113920,8.424529687631253
1742301,852019,8.029110958689024
1742610,4391701,7.968774460938167
1743980,1316976,6.398220538093679
1744270,460770,7.926404612822105
1744680,2371625,7.6527903154161825
1745061,6104125,8.704288116426785
1745691,3955375,8.012160945941897
1764401,715,7.026870392150695
1766010,2430664,8.253825368283644
1766441,1764306,7.776465205661977
1773021,2079249,8.598958079851165
1773630,2604418,8.328442764613767
1775240,522421,8.60646560245646
1780840,2538391,7.811176723280363
1781760,119467,8.121291297691537
1783220,4697119,8.306838134721115
1785281,3219967,7.975502005824844
1786240,4300480,7.626353136864765
1787310,2454799,7.740176322372497
1787851,3264577,7.969252434693118
1788031,2939986,8.036001245666483
1790071,2078097,6.934943142568486
1794801,2608413,7.917357928236404
1799501,5146501,7.799645768643888
1800680,3876811,8.330951968191279
1803311,3534874,8.593794150447145
1807100,3269230,7.905785928210014
1807541,443298,7.645176826313864
1808291,10890,7.500534393838267
1808750,1905091,7.924373900564373
1809041,1779866,8.147865377939764
1813590,722880,7.797713988404941
1813990,538999,7.600971534201393
1822541,2993401,7.398269654358941
1828061,2217721,7.8266956260158675
1828381,2062812,6.9826053866489
1831800,2146186,8.115087723753033
1832740,2436166,8.010950123695983
1832800,2424823,7.826843379374526
1832881,2388495,7.559703704970481
1833511,5043550,7.685351037516924
1833561,459327,8.324031226759187
1833950,4634107,7.111787054759531
1834820,2212806,7.97070763106904
1834950,2878855,8.453552332804044
1835040,2577789,8.267378512559588
1835081,4300462,8.785929786878182
1835280,2855431,8.348786655765164
1835500,2808394,7.521776695278642
1836360,2146186,8.277221790172746
1837101,1918727,6.581052675131974
1837370,5108425,7.717937473508494
1837871,2170994,6.329410072610397
1839580,1892427,7.61844331170875
1839640,3469789,7.685351037516924
1840301,3113920,8.42461004874577
1840661,4902,8.526661165181636
1841631,428685,8.281926350170556
1842161,540323,5.572671538311656
1842261,2242013,7.8964390212048725
1842701,822326,6.810029147339462
1844140,971769,7.874782598225213
1844550,2055085,6.977413532147333
1844981,440003,8.756740825558605
1845130,190723,5.687915018768811
2297510,5685325,4.555384797614799
2297670,313569,8.347817446369652
2312641,562913,7.984440607689412
2316121,2277143,7.843524669855243
2316560,2259490,7.973266699410133
2319700,1281171,8.165089870397143
2321951,2356900,7.889310808393787
2323781,188566,8.700457517989681
2329461,822326,8.24519202291251
2331600,1732057,8.1993570978865
2342490,984430,8.794030971753164
2344781,3767812,6.727970001799293
2344981,4257349,8.849560867627252
2351301,2449000,8.853499478857621
2353921,8336450,7.847930052833176
2354790,4640554,7.929889901349465
2358260,1794170,7.931260757459651
2359080,4802188,7.792789610232693
2361710,2573241,8.166771090084493
2363550,2238862,8.694614851005516
2367140,4686937,6.68460212990031
2367290,5454583,6.585928614853716
2369101,4191457,6.205475039081817
2373091,2145440,8.738388794659699
2377721,2429933,7.80313491701553
2381160,1281273,7.615359035834886
2384781,190497,7.903407949849035
2385901,102657,7.603228096807187
2389981,2607560,8.030439350097838
2395180,4558900,6.798553967502705
2396120,2244797,8.100745787940166
2396981,549865,6.584287204754128
2401601,223969,8.2508849151336
2402000,2599190,8.59769375788397
2403241,3770299,8.181309497238866
2407900,3837547,7.843965231981078
2410610,445171,8.53168979955464
2412711,709925,7.867522357479436
2423930,253884,7.578854201411051
2429331,2339675,8.208843688275755
2430830,434711,8.528749108532148
2434491,2550124,8.352764259173858
2441870,10480,8.165495597038642
2443970,4025416,7.8555545440064165
2444810,1785306,8.155105144668752
2449291,1931718,8.026530611308523
2453980,15426,8.36916360328095
2457480,4829983,7.6889493782725475
2458231,2588406,7.629664319918585
2462170,2300795,7.238672858048593
2467790,5841793,6.37661119562466
2468960,2563979,7.934582303493591
2471630,5223811,7.953874634666408
2475591,2897803,8.47438848812038
2480520,2989900,8.75650214544432
2487621,4370920,8.154071404339245
2494870,215689,7.961476259419647
2506331,716862,6.383760110460571
2507521,2165412,8.7699368962029
2510851,4851130,7.977801076131573
2510891,2374653,7.473403044361627
2511360,1377706,8.613124489103848
2515891,2614362,8.504333110328139
2515990,2016030,7.522297883854689
2520320,100416,8.10887774263099
2523450,4558900,8.335127634804108
2524790,247954,8.254192126399714
2531971,2241332,5.619756770582855
2538780,4673368,7.663953510852798
2541290,2759493,7.417542911960037
2544510,3458797,6.864855425230416
2547981,2521532,7.885654945374324
2549151,4421068,8.788142953235415
2550671,186343,7.216741377859146
2551380,4383058,7.819936351700838
2563381,2145341,8.332411125864635
2564160,2452390,8.35352407136233
2565181,4283155,7.50234880092135
2567091,438876,8.487191729695109
2569491,1202451,8.480758611906106
2570321,4399399,7.693360916127126
2574130,2248280,7.8149777125226425
2575901,873122,7.619017394079582
2579460,541289,7.470697152015703
2584661,320609,7.2878054996526425
2584960,2542169,8.392269072245337
2586671,2572468,7.842652472558838
2591021,5428,7.617795216863888
2595031,2341532,8.500875064799825
2595980,5032867,8.377836092509867
2599570,2993401,8.115498665186493
2600451,535707,7.997834073388809
2600511,2186305,8.37680804311186
2601571,4119634,7.866160686182947
2601810,2229477,7.967673160261396
2604521,4044049,7.738964417111775
2604561,3762160,4.335680345319247
2604840,744620,8.827865387716788
2606090,140,7.352452752630895
2606281,2443673,8.013833768690978
2614430,4393492,8.328372256680982
2615591,4886755,8.026340374777872
2619701,19286,8.383001268624154
2621730,2062812,8.116208783940552
2623380,461591,8.292372282752513
2624271,314889,6.246543123088575
2625031,2524340,8.624430757802868
2626851,2186305,7.389455190012257
2627411,2574481,8.654154377919767
2629600,2209477,7.621961898354923
2630250,2601102,8.343240698715743
2633071,31722,7.459004884130762
2635140,2525992,7.9788109162163545
2638440,2591539,8.719673225684495
2642530,2601614,7.923691958477286
2644040,2361922,8.67958036660708
2646251,2351675,8.129526025143216
2648940,1826135,6.437094814494079
2652260,2286863,7.8821431236334885
2653311,4380253,5.927717967496824
2658181,1680892,6.934800968207515
2668291,1117445,8.35352407136233
2668341,536695,7.362573575472835
2669460,387779,7.970955638920455
2673700,2195039,7.293998432126741
2674310,166554,7.776365932884343
2675741,2287767,8.442618560483956
2677230,617505,7.985774928861091
2678960,438835,4.942856948735844
2680601,2993452,8.563333085234206
2681021,2476631,8.426400839729947
2681120,494233,8.661190541213399
2684751,1256088,8.146611367629795
2690160,4127287,4.820583065001217
2690220,1377726,8.096023487058028
2690391,2204362,8.173163519886032
2691220,1747983,7.865512798141959
2692230,24638,6.726913780646385
2694141,652226,6.028311896460892
2697681,118811,7.491038850515396
2697950,2540482,8.112323681146744
2714980,1670299,7.635975054910332
2789110,1751998,7.210284550252171
2793641,464939,7.9755510710295185
2795161,4368337,7.966231692707551
2811810,2473078,8.595216820111887
2834851,1720918,8.539060547564667
2838640,2912107,7.850212542024646
2842290,2537878,8.585418727396696
2843490,2372196,8.57023761882206
2847501,1751449,5.076648823070077
2847821,3068173,6.263954836972399
2851711,2369247,7.900402493892959
2855940,4400638,7.9788109162163545
2856921,1486410,8.469899654318374
2857910,442320,8.488863287571704
2858141,554183,8.406574301041278
2858581,440702,8.088507438200562
2860560,2592594,8.648156242034037
2862051,449072,8.242155104118872
2863631,2523793,7.282558260408897
2865491,173943,7.761615813782757
2870001,221096,8.079445648227779
2874981,6294862,6.94140904309949
2876021,2042862,8.110643126771306
2877191,2550124,8.25033189866388
2879401,1298393,7.9020172368267
2880350,3708715,8.333064227422902
2885230,3759658,8.832483714332383
2885370,2427627,8.393126288612068
2886341,588599,7.260840793177885
2886600,303969,8.018483582468367
2886861,2485599,8.505409904170453
2886920,317337,7.359275294038967
2887400,140792,6.9965067105314676
2888221,2195789,4.265352590389227
2889260,5022865,7.693360916127126
2889711,5075125,8.331037650754917
2891660,98184,6.275267276751821
2892070,870679,8.158703485424375
2894640,760478,8.207857340275392
2895381,2249460,7.760720098977817
2896020,632196,7.249781179846298
2896880,3083248,6.930040660223046
2898031,2323741,7.564472915171289
2898051,5220724,8.515464343640236
2898350,5165926,7.969707407619856
2898741,717567,7.664500311754494
2902031,1753284,7.455062621895183
2902341,32118,7.674106267692963
2911881,7804328,7.693725216268484
2912011,1462299,7.179402941410752
2916770,477223,8.484191377160027
2920220,4018390,6.807448385665044
2920980,1305985,7.7237840929525285
2928050,1292132,8.02809356313053
2929340,2347597,8.33205438733812
2932540,1814735,7.941475850260379
2934380,7804328,8.360516261702587
2934861,2200379,8.322599516164473
2937461,114997,8.334585685067518
2937651,125503,7.192547246555852
2942531,1295449,7.416090258661276
2943480,4771996,8.335729621496837
2946350,120035,7.503540780926204
2960980,1609097,7.04449192331014
2970390,519170,7.653285408808784
2970521,2324419,7.831020094960253
2972471,1885338,6.023766390503204
2978360,196603,7.9417289033634875
2979761,1766548,5.138945931633915
2983020,2537878,8.214730591493607
2984801,1469624,8.589794309592628
2987551,686465,7.640061567097129
2992161,1377726,8.266142735610027
2998500,1977083,6.739556007787328
2998771,546793,8.185733072092637
2999960,466560,7.808811704041573
3002350,1322761,7.907817069758319
3004381,316274,7.67240371997436
3005761,986361,8.359931611166573
3007260,5428,8.091262084415474
3007710,3419017,8.157144651805233
3009511,4308124,8.698785960113089
3009560,4697119,7.6889493782725475
3012961,3792088,7.190919412072708
3013001,3229138,7.938309124426336
3020290,2713522,8.535425897799865
3030851,1681174,8.039309274963966
3039770,4552675,7.6889493782725475
3040371,2713522,8.36113955076411
3040470,477223,6.815114661681044
3050831,2142446,7.371455826346859
3054960,2713522,8.03666446246229
3056611,3992401,7.735103052442748
3056640,1952676,8.24091506864613
3056671,2428706,8.287952479153352
3059290,4902,8.070015042272312
3062221,2448386,6.963929395376429
3065120,420807,7.871981398297834
3066130,15088,8.144641494164883
3068801,399003,8.105130242705028
3069060,2349042,7.391509198173624
3069070,4611985,8.338997222922098
3071380,2449615,8.472315973446632
3072950,485757,8.529628047477477
3073921,2197478,7.032041479077749
3074761,4044034,8.601203212796994
3079010,4562749,7.776873558985549
3080131,528,7.880438033993369
3084300,200121,8.083892619227417
3087570,3989002,8.008225326779803
3088130,281792,7.706949373523118
3088850,2465183,8.133842186918471
3089611,1960625,8.30715055908322
3094251,317,7.983956900475404
3097081,117529,8.016651965327847
3102090,2483034,7.906509406605019
3102581,2599190,8.059020372193945
3105531,2891776,8.334550308946902
3106311,6155170,8.292920161470834
3106721,1808250,8.285434217820233
3106771,5121154,8.085673015020948
3107130,4539343,7.951209240592473
3107191,1346268,5.06894421372883
3108051,488913,7.687437171440822
3108360,3156268,8.576358548492987
3109541,2159539,8.123182344088043
3109641,2215257,7.996128822171972
3110281,2456216,8.762486473564291
3112481,2601867,7.363612724592942
3114761,223088,8.386452215817034
3115880,553720,7.680051018418148
3117380,2454485,7.619456919093144
3120681,2693031,7.700459707181438
3120931,1298384,8.092280359593396
3122121,3843706,8.146353285045043
3123121,2855341,6.474144570571074
3124160,319070,7.290980766264351
3125790,2287669,7.455444533996091
3126381,399718,7.86867348441799
3127870,2054930,7.57683650484183
3129491,4596430,7.86888188116244
3130351,1462299,7.876205267889955
3133360,4782202,7.700718280942982
3133391,5135188,8.325980890795828
3134291,2351675,7.600359735135514
3134540,4195246,7.201181041655672
3136640,2286847,7.19709706517188
3136710,2102504,7.310739448374082
3136930,1799788,7.739101889714342
3141020,2523793,8.558079415033726
3142450,4021843,7.002536971661979
3143540,2573197,7.849933201677586
3144260,4400638,7.610229726466573
3147540,128769,7.921295953045534
3150610,452832,8.027530907747417
3151090,3736399,7.9020681048641945
3151860,2378721,8.837609450288992
3152820,2893579,8.550217012889735
3154960,716862,8.061492915296322
3161031,25296,8.017942817707729
3166190,3733756,8.451409403430834
3167081,361725,7.657452450844363
3168920,173212,7.771227215805122
3170211,2168146,8.218067310938043
3175530,5168293,8.252772242888044
3175571,1350395,8.032226717080327
3175590,4811746,8.334550308946902
3176121,1336574,7.9216153684911506
3176440,2287749,7.453417715107388
3178171,2854555,8.77216258952049
3180100,485757,8.534260128562607
3180111,166211,8.538060856963764
3180500,1910003,8.45833129955063
3180740,3004900,6.784736891582578
3181140,4682398,6.40218781289073
3183381,987736,8.002067186255482
3187131,4611985,8.338997222922098
3187900,2525028,7.691066378891171
3187971,1680892,7.086047032575918
3193391,2474870,8.31051730711658
3193751,4300483,6.407917849767113
3194111,685915,8.105487355458608
3194741,3184168,6.968988233380551
3195511,1319281,7.150519567976749
3196210,3308938,8.121340652745312
3200451,2592020,8.002699350015833
3200491,2390160,7.898063269432561
3201751,8369,7.829550343456859
3201830,305091,7.485053158179577
3202070,3714493,3.8323977528852073
3202141,2339679,7.884726927102075
3302401,2292918,8.351924002701473
3303550,131985,8.017779172259257
3305791,1593456,7.174793468402862
3307180,1239169,7.823076353874583
3315490,2295424,8.439456142912295
3317131,2918173,7.79017396749362
3321391,700514,6.3173617493331085
3324010,2145220,8.508860648044978
3329881,3903655,6.933627040621654
3330490,1446974,8.301478478843414
3339631,23204,7.507195784540646
3347371,1113599,6.005758041647802
3360301,2254200,7.960548224460191
3360331,4421068,8.791654288469001
3361771,385786,7.954689984927213
3363661,1228057,7.897685544299263
3368881,3758968,8.749522077893094
3374041,3769642,6.2047336104713935
3374761,458895,8.808469068862227
3380500,2443673,8.295472884507767
3382231,4421068,8.754521518863477
3382411,104148,7.48900121311764
3384010,2454485,7.418885036415964
3388381,1379194,6.827139321813966
3389641,2609202,8.747480948815372
3394201,2591988,8.386099796375706
3408820,4638511,6.529086201727679
3419380,1852256,8.011742176799197
3421561,2141974,7.879331259778057
3422620,1227979,8.331662353502285
3423121,305876,8.231660671628894
3425281,5094865,6.958398927353126
3440851,2390160,7.599896393808179
3443980,2226662,7.406514762404002
3450910,3989056,7.46610087791795
3454441,1096031,6.355162855101644
3458350,452668,7.059029234527221
3460951,5056381,7.691614772346483
3472930,2350989,8.129002059644959
3474271,2548806,6.894106419428266
3503800,2473996,6.849581370072117
3507820,272375,7.160506334254833
3508750,2854876,8.643189260947103
3509101,2347552,7.8984154747639534
3509191,308038,8.220104801018746
3514531,2912968,8.163115023278955
3518650,840112,7.410323747657743
3527350,255922,8.662343094357828
3528481,18628,8.53042812683723
3529810,5077927,7.684563012920371
3540370,166031,8.118376554099141
3540460,1876718,8.550977315563998
3555241,4107142,7.7433759549663534
3560581,3852310,6.675970316555737
3562450,1370381,7.98369163140941
3568450,2587700,7.529494376899766
3570991,4784812,7.375913771661491
3571381,4421068,8.694946357190684
3571441,4576630,7.794124006321346
3571870,680470,7.708164592608713
3577540,448765,8.031206577649241
3581920,2334514,5.121569715953984
3582961,321323,7.361171873933067
3583561,4407451,7.190376746137207
3590641,215689,8.017405437770087
3601231,270680,7.567165903927143
3607411,325507,7.276191396828576
3615370,1230448,8.144276791633558
3616300,2350673,7.325719382238447
3618121,3156262,8.23163274349813
3634300,532060,7.423311362588495
3635401,2444108,8.19557849621107
3636640,998313,8.081095702789906
3640591,4398304,6.198179851613066
3642760,1121649,7.999431179790394
3644830,180632,7.645967408627321
3646711,1802692,8.634358607950661
3650971,2273687,8.013654831068326
3660130,531550,8.485237859411036
3660160,505886,8.012735570611698
3661201,212216,8.160218170780329
3666310,24722,7.564567278358579
3672490,2808394,7.4789955074063
3676060,2477602,8.026250863734953
3677500,488913,7.671411949205219
3677851,1609097,8.14972550558913
3677860,4640554,7.61200087010762
3678850,4197451,8.731651762475405
3682591,2291653,7.863944723534214
3682900,316274,8.30015265865608
3699481,1050740,6.837089151490818
3702211,2575023,8.06091683700213
3704311,584,8.28726403658288
3704491,2240792,8.59282473276201
3710791,1960625,7.980743947156742
3729001,4369537,7.762611557806729
3745471,2236323,7.902168634617137
3753571,126927,8.056140309916554
3757831,1902534,7.946181461330509
3761881,3465649,7.229633470273047
3764461,433856,6.904071898498678
3766540,2357136,7.828729774754563
3771571,4169962,8.328372256680982
3772261,3061525,8.040438202514036
3773071,431152,8.312344764989787
3784681,2578149,7.732020990935263
3787261,3872134,8.18584746357785
3789271,2051720,7.92906943379413
3794401,5041,7.985032557888012
3796321,2053444,5.33523039924639
3800350,305413,7.275708349153558
3803971,554261,8.03432968778989
3806041,1549182,7.881183993470593
3812911,4908796,7.791622900402661
3816721,459282,8.556537273961153
3819751,2354756,7.55772195600498
3825751,5020540,8.323960718826402
3825811,2683142,8.05050822894289
3833041,477537,6.247783826299171
3833191,550580,7.975863231963686
3834760,5143300,7.933174005271166
3838891,1796985,5.211197785310301
3839701,4560514,8.3163567281382
3842350,2236358,5.8910758548979425
3842590,2348471,8.39016953630324
3843271,1100906,8.488604586528538
3846790,1856383,6.884592800707366
3847120,2358,3.760164058057706
3847921,2429152,8.307609280657417
3848881,459282,8.135350819222728
3849220,446229,8.029052874815024
3850411,2539202,8.419917778051092
3852280,462365,8.455445470554096
3855481,443649,7.24298657864437
3858091,2601614,7.767474654395053
3858190,2589482,7.738320731516556
3862111,168914,8.560086265617494
3866131,475407,8.782340124120637
3869050,2209477,7.957222604109361
3871861,3756355,7.668347668441485
3875881,563127,7.884806618612555
3878470,4768465,7.474611327506696
3879061,451748,8.242125850552572
3880300,458214,8.210432980746315
3880630,199268,7.996128822171972
3883780,86,7.244593725142055
3883930,449274,8.029487144273373
3884911,400387,8.50486644370587
3886780,2254567,6.945741969497078
3891481,2371215,8.168943199451144
3893251,1609097,7.770590179670594
3898711,2284142,7.731569924046735
3900661,2599190,8.59769375788397
3902680,2407015,6.8168948393989695
3907441,463181,7.898343584268704
3911290,2474458,8.44161512659229
3912061,3693250,8.2974177104155
3915451,410990,7.776910167555929
3919510,2477640,7.658346720301602
3920170,1834888,8.831853661756654
3920311,2694951,7.764988593001619
3922141,3116707,8.650773883417278
3922270,420807,7.906797292566233
3927331,850609,8.193398456668367
3934270,1653700,7.500102069012804
3936241,2088040,7.395611540494954
3940390,2101235,8.480833853652562
3942100,2871811,7.632434820336044
3943480,308364,8.606492323500754
3944350,296492,8.303780471409713
3955471,233184,7.236598809488574
3962890,507057,6.933519521654369
3983350,459282,8.387686748908823
3984490,12430,4.66691031921748
3987910,99345,7.952439711379691
3991510,2454485,7.938272880861709
3996820,2614362,8.15347586954965
4000480,465007,7.385410006520224
4006501,4435171,7.500976507049184
4012831,1947821,7.697459607735393
4013341,320664,8.21111957830146
4014661,2334769,8.13633448891662
4024150,460012,7.748300179244507
4035181,6078246,8.115139871544349
4050091,1941429,8.43695292758705
4050691,2301028,8.515876080098188
4055560,1130783,8.051681350590743
4056700,432773,7.999717025985894
4078030,2599190,8.059020372193945
4078381,1928144,8.020046585609913
4084780,556903,7.68870464272877
4105051,454134,7.774239544106392
4115101,218833,8.215105309541679
4127050,536900,8.404903438159312
4140601,2473276,8.650846292581786
4140871,103821,7.800152905484538
4141480,320664,8.434536019410714
4142281,470346,8.466750197335896
4161121,450195,8.25027846067971
4162051,4393630,7.173178107884851
4163611,2854876,8.524551919093769
4166071,4320190,8.040159832799851
4209511,2759493,8.373337444267804
4215130,4421068,8.791654288469001
4216051,2450736,6.839768014453197
4219570,3307186,8.444934238640215
4221481,2485114,8.781917776014652
4229380,4629616,8.053011096827083
4233691,4018180,6.887489154977054
4236970,962437,7.322374486177335
4245430,2573193,8.351162001948603
4246810,2259919,7.5513620611757
4253380,253112,8.022835423171658
4254211,2309718,7.372682400715647
4268191,2563979,6.683722260022
4268551,2573241,7.441322210820417
4268770,4149298,8.819411853005809
4271761,1510600,8.764280678601954
4278331,165448,8.03077522638297
4278391,447400,8.11170661023705
4280311,709360,8.216533846805602
4284241,2470824,8.186766385507655
4288090,2298263,8.216285026036564
4289221,212216,7.718820300573946
4292731,2368368,8.01853890279521
4299910,2817520,8.335127634804108
4301551,3248611,8.314087026215109
4310971,2312916,8.582147450194817
4323001,486630,8.267507107851365
4325041,2295755,7.104536884895852
4334830,1836702,8.482656049662745
4336951,2295424,7.780154954159894
4339750,2064647,6.427627319200816
4355401,4782199,7.910722559354229
4360141,2575351,7.810566174668064
4362070,2193128,7.631412838858277
4370401,434096,7.963019100379143
4372681,25357,7.973488005540674
4376950,854210,7.387534003492397
4383640,3075385,8.341051367837556
4385551,1902448,8.222002364486931
4391131,4908796,7.690970073925812
4392121,1796985,7.3565546617473085
4393621,310397,6.362754865341082
4399300,2541759,7.723428752971709
4403230,2537131,8.248933494297521
4413610,24722,8.06888186071994
4414831,2539268,8.678542930035048
4424200,470603,6.940319890798998
4427920,3160129,8.759184641369231
4437091,3989056,8.351420679637982
4438300,4399000,7.073630258288666
4441291,2550430,7.859910702217823
4444120,419262,8.365459288292215
4454581,2368325,5.566229043663054
4463281,3113920,7.909052078931656
4465660,254727,7.270600882421057
4466491,131005,8.437133733837227
4467691,1968254,7.763670408523643
4468210,454358,5.47024560638307
4474021,1319281,7.231465165641478
4484281,692435,7.883341389962875
4487371,1035814,7.8904149114948074
4496551,870594,8.508384592562841
4499701,4421068,8.789403860434666
4499740,2427627,8.136352151704546
4523140,1293198,8.136065257645706
4526860,247330,6.954260622176208
4528621,4019920,7.665279156222539
4537801,443298,8.000712425073628
4543810,2308812,7.508617184363639
4554961,3994384,8.78444522125647
4556641,324999,7.7468479105941075
4570021,2375878,8.015101141823251
4571680,6034,8.495285398206828
4594990,2466103,7.674223315701751
4600180,2737394,6.531299734609362
4600420,2436166,7.918012496264958
4600660,2989726,8.026903132359664
4601761,1716312,8.378697077511829
4606720,215689,7.718893128216135
4611910,465150,7.716822966006539
4615510,2318816,8.328804389306393
4624381,1831338,8.376874562686519
4628590,2379664,7.034381674033192
4629031,446010,8.583587515560646
4641700,867246,7.968181300075217
4643521,2460999,7.165798207885125
4648000,2360253,8.755003220655016
4648120,525259,7.008271618196595
4648630,2131332,7.785225847138115
4649500,2108430,8.476270556928329
4650070,531902,7.054652783102827
4650841,2570731,7.2019237784472105
4652140,1325450,8.402649803638056
4657531,480575,6.98884695755053
4658110,2930500,8.38247171549327
4663990,1727705,8.301845682788093
4665430,1332924,7.8676211989396725
4671061,4235479,7.36298594155226
4671571,5143300,7.844321859540835
4674700,32181,8.176555807647814
4676080,2370485,6.6926012442909135
4678450,3912373,7.205592579510251
4678780,3270286,8.835999694399561
4679530,2499205,6.993357201382426
4679731,4748464,8.325172301150936
4680391,224489,7.752932382840745
4681900,2883868,8.836405635820372
4681981,2854876,8.64342643034768
4682071,2430403,8.23680788746184
4682440,4813621,8.353607457030721
4683370,2607217,7.780720980990992
4686440,2470824,8.19351890662162
4687060,1093636,8.176601602294562
4687210,4421068,8.838418092271151
4688020,1354670,6.4073520404184885
4689280,2485076,7.002536971661979
4690171,2233630,7.9020172368267
4690330,1968152,7.830447732298192
4691650,4338379,7.68897455077495
4693501,4798333,7.810566174668064
4694800,2145197,8.059479403372631
4694941,2580021,8.178972186316765
4695001,2599139,7.622464094514582
4696090,1819862,7.911708429061408
4696891,4807633,8.310436475476738
4698151,1101948,8.477144867278405
4698691,212216,7.988275777939125
4699390,2808394,8.426292737598597
4699960,78643,8.088153259807498
4700050,8369,8.046239576908752
4703110,4268824,8.853499478857621
4703131,722880,8.345276781148655
4703170,399718,7.774117109198605
4704391,574430,8.108478025382379
4708210,2274734,8.038671675178005
4713070,1829987,7.8427584846011085
4718521,3174526,7.762365092704355
4719331,1366582,8.521605328972091
4721401,2209477,7.790541423072122
4725961,2759493,8.066552272555704
4730461,1334597,8.779070761074866
4731061,313514,7.638550355303342
4731550,2573241,8.04623060229664
4731670,1082400,6.377188521481864
4732540,249020,7.909418177494013
4732921,4611985,7.729061754236646
4734691,464534,8.179287793607964
4739281,2580687,8.456956351567527
4741561,2534942,8.586817659400404
4741960,2576730,7.795305327562194
4742851,1761924,7.441928617179577
4743691,2469397,7.715075574071064
4744471,186343,7.683687967956634
4749160,1105056,6.200764372102131
4749580,1088585,7.265856250717492
4750660,562513,8.629822746805516
4751191,31099,7.972951531702756
4753930,867177,7.721117884132489
4755970,2602071,7.727062351757068
4757551,443466,7.967156523270091
4762690,536767,7.658489299175145
4764901,317849,8.490460393973288
4767091,4535863,8.3364659251927
4767781,1345763,8.357130048741316
4771381,389215,8.59194700860366
4786231,2473276,8.263002500960907
4788031,2596999,7.81436106220318
4803541,2216349,7.412882490467272
4807021,2494167,7.846911389289583
4807060,2129220,8.00700689103485
4811830,1897536,8.056467847445548
4814521,2607835,7.426058088600609
4820020,126927,8.354583668142844
4821211,496089,7.444167727297085
4825291,2534924,7.665436770626617
4827451,96964,8.479876846929468
4829590,1856383,8.06948710271684
4830661,78637,7.578354551023644
4832551,2905483,8.171040512407414
4841491,2286863,7.251102720120104
4844911,3110287,8.788118318955547
4850920,2854909,8.588810413194294
4851481,211163,7.759378307668618
4855051,10480,8.588511591912326
4856011,963118,8.77200724405597
4857040,4631788,8.017779172259257
4862041,912823,8.08228736665703
4864270,3839527,7.726257846119225
4864900,2341451,7.523395323304415
4865221,1820546,8.34773362160504
4877980,2527069,7.949980490489114
4887091,443473,8.341524258916907
4900150,351403,8.33174247899326
4900561,4147033,8.837609450288992
4903531,459282,8.122736951816075
4906111,2107,6.3796731146860886
4912771,607103,8.214615930209703
4912780,305091,7.846596509739088
4913221,2281291,7.684145819052789
4913881,2467103,8.578172825804934
4924300,315793,8.369140060682852
4927321,218833,7.325863867902688
4927801,5194960,6.372595910239192
4928461,2580687,8.456956351567527
4930390,5198926,7.181377638319241
4931401,716134,7.567102685735178
4933261,2287671,7.726890685312166
4939030,166554,7.108310965947212
4948480,2605895,6.6064327234049465
4954711,2576226,3.8932454607335365
4955911,2905483,8.661292822683668
4959661,6841975,8.119725249647193
4963510,2180196,8.506011020805403
4967080,2177258,8.600536898621518
4970800,4874203,7.767023095661308
4973020,2195786,7.991055855873436
4974970,3913879,8.616285317550455
4977691,2896486,8.163115023278955
4981021,2259945,7.6588938216252185
4981321,1101948,7.783160349507536
4986211,2587259,8.707252946067348
4991590,2186305,8.578808752181208
4993750,3730834,8.06407614772034
4995370,2259510,8.443214060155203
4995931,308810,6.661268967944836
4998811,2101235,7.686243452790644
5011291,7739588,7.980771202128692
5014060,211217,7.5719881648915415
5022121,113710,7.4655100423367164
5022910,2472795,8.301502203773216
5028550,691258,7.7129408410054054
5030191,722880,6.363396098328203
5036530,843803,7.899485939097303
5037001,1330247,8.832417112642938
5038921,317968,8.256612673068705
5040391,2445599,7.9591521117052615
5042080,2897803,7.875577153672286
5042491,681803,7.1734834300265415
5045080,2129220,8.10691002512335
5045251,5679028,7.810684876345387
5048761,2603306,5.906468908595119
5054410,854210,8.341257583745318
5058181,2603531,8.27703936153943
5060731,463181,8.36113955076411
5073751,3610228,6.57342971654112
5076391,2286863,8.593929492583362
5086690,2349719,8.519986028056005
5097310,4783621,8.35485738062375
5098090,2450614,8.477029447475545
5102770,2754294,7.6779353837046225
5107651,2273687,8.012026202050949
5107780,1796985,7.857471317143528
5111740,2588406,7.253878435623976
5113261,2930800,7.68612050670025
5113801,520845,7.814116326659403
5121520,1990404,7.902058328160288
5123071,103890,8.009109818396905
5123110,2433873,7.733841443262298
5127031,4296253,7.871147712562784
5128060,2203815,7.187845370072488
5128630,1757592,8.225643054839352
5134570,554183,8.598829919185645
5138101,4018390,7.46984874988766
5138401,2019613,7.709615993831771
5146870,1073705,7.736776692651322
5153671,541307,6.847132585232229
5155060,1796985,8.37593525975993
5159860,2477554,6.86122705936061
5160541,454358,7.309203505801859
5170471,1773733,7.726877842933943
5174431,4778437,8.32231204210742
5175100,2344254,8.3714586756114
5177371,1796985,7.578179467844041
5181271,8369,8.506011020805403
5184070,3442753,6.993258495405109
5184580,2759493,7.685550611157417
5186281,4183798,7.6889493782725475
5196790,2454970,8.34513956769969
5199220,2770245,8.594687665756217
5209240,458860,7.251526679842851
5213710,2530462,6.253345370980683
5216050,4183798,8.323960718826402
5216110,4183798,8.323960718826402
5216170,4183798,8.323960718826402
5218531,621624,7.756543527581328
5219611,4183798,8.323960718826402
5219620,4183798,8.323960718826402
5222350,3113920,8.566053432370428
5225401,3156229,4.546089028660502
5238070,206553,8.13224412611352
5239690,2389784,8.215897451577614
5239750,531001,7.823887435722382
5242030,308362,8.208216847206735
5249170,2371625,7.547091458855502
5251261,312875,8.184611569062476
5252791,474003,7.210055786730756
5254690,4127287,8.21750202058129
5255641,460127,8.252281505246817
5268901,1215868,6.9311775402343585
5277361,5000536,7.982212613986152
5280340,2438333,4.303636206725885
5282440,1593477,7.633072889406939
5296450,446229,7.514712464997827
5305690,1753316,8.31212615255492
5306350,2409026,7.326652087774955
5310751,218833,8.118214768028626
5311180,2466103,8.156060359617662
5314900,3442984,8.257559550606121
5320930,485732,8.035572412199084
5330830,3795157,7.679931508219257
5331181,2883667,7.687028266831533
5331301,2193265,8.632798830961626
5335171,2537999,8.58043166013643
5336080,5144344,7.810566174668064
5348020,449274,8.33105307879396
5349850,2580688,8.45366863653507
5356921,4421068,8.791356444961306
5360251,2312916,8.196987006630907
5363491,439491,7.154132484603737
5368831,625734,7.872177544433413
5370310,2985898,8.853499478857621
5371171,1122607,7.760209449053594
5372080,173309,8.618652562967958
5372320,3739819,8.860771453144302
5373781,4575061,8.323960718826402
5386981,2450614,7.904320999318119
5393431,2588712,8.551109745153873
5393830,2307589,8.059718183611041
5396581,2575023,7.538766528837826
5397760,321150,6.9978450009200595
5404870,2830777,8.559119413023094
5405620,305091,8.336669042514844
5406490,5093221,8.037374785940012
5414530,1379172,7.726524490879806
5422831,6094612,7.7827172223952115
5429080,995330,7.8778874535628045
5440621,2601614,7.974596919229385
5440891,4834366,8.089424858957122
5442040,3036901,6.624699141844701
5442871,326893,8.245244492630462
5443831,2298584,6.702029046906653
5448541,3419002,8.793290140506365
5453050,181149,7.216400116067783
5453401,1201840,8.214800073371324
5456560,4204885,8.771265006118286
5458231,2301068,7.8350584596237836
5459350,2469397,8.400556763473224
5460211,2939866,7.205592579510251
5460610,628495,7.817644371357802
5461741,2381753,7.482780443252516
5463310,2550430,8.091236907093021
5464870,4421068,8.75792216276921
5473591,6034,7.9480631835706115
5473681,2246213,7.612856698693323
5474191,1380964,7.796899340316874
5474311,2338203,7.727031961877205
5480611,4705573,7.739848258397751
5482000,105269,8.267534767595215
5489131,2301594,7.971249297386588
5491921,3910687,8.36082288128665
5492791,11936,8.45960147550496
5497810,453395,8.27382612228989
5507371,2478432,8.361307172297435
5508211,2321956,8.152890640928703
5508901,1020453,7.9953270850279266
5512261,2285231,7.189418101996123
5515060,496905,3.8932454607335365
5520280,307422,7.9215776358732155
5520820,3782353,8.017328835376302
5522080,5075125,7.696026310201062
5522461,4249822,7.684362872757597
5527021,1462299,6.89647027862758
5529511,2187406,8.107196293159294
5531611,4175653,7.364418067107344
5533570,2165949,7.009627092383705
5536591,2250220,7.611526470220949
5538841,2855431,8.243758914113355
5546530,4282375,7.898741421268856
5553031,1367817,7.032468502341121
5560810,850815,8.026812534185686
5561320,2855920,6.9978450009200595
5563930,446229,8.424323126197894
5564161,3075385,7.919524047742185
5564671,2292891,8.17499543757349
5566000,1895551,7.861904860862602
5568361,2759493,7.745128985823166
5575060,2989726,8.02153418120342
5578741,1231287,6.9965067105314676
5580151,2127917,8.323960718826402
5583121,2295424,8.250468423166911
5583181,2101235,4.514497619248401
5587660,4760008,8.338997222922098
5588191,458860,7.668198065370353
5590291,998089,7.556092267870362
5594200,15148,7.641672237808793
5594650,3113920,8.566053432370428
5594860,100178,7.693459622104443
5595460,2142446,7.72448854424972
5598511,1380964,5.728501230475749
5599570,4370989,8.163115023278955
5603050,491017,8.211439954461897
5609221,2854876,8.297098749064904
5609881,2494167,8.520994714907927
5616100,4735141,8.769576594286017
5616181,2332590,8.37235408700105
5620180,2391259,7.2998485905299555
5628160,3959167,8.394704883615805
5630500,1796985,8.242280615112318
5632561,3959155,8.752444261329805
5639320,3853426,7.6889493782725475
5646511,6073047,7.3873227495534834
5647540,36960,8.031638031340233
5647951,1360858,7.3019679799344255
5652481,254094,8.768103160403276
5661250,1609097,8.034037369357685
5661880,5256244,7.8149777125226425
5675251,2241334,7.988986547099437
5675701,7804328,8.093679111427537
5689120,2215170,8.48675245611052
5699230,4627999,7.545446791529764
6459040,443150,8.258280093812814
10335850,2435229,7.432783123907128
10987250,1753284,7.9717697570729005
